Index,SPY.Adjusted,IVE.Adjusted,IVW.Adjusted,MTUM.Adjusted,X2.YR,X10.YR
2018-06-19,255.099091,100.053497,39.658741,106.849358,2.54,2.89
2018-06-20,255.534271,100.044563,39.794312,107.433548,2.56,2.93
2018-06-21,253.932465,99.48954,39.518402,106.444206,2.56,2.9
2018-06-22,254.395416,99.981888,39.45657,105.67157,2.56,2.9
2018-06-25,250.932373,99.140434,38.759686,103.297134,2.54,2.87
2018-06-26,251.487885,99.179169,38.895657,103.779167,2.53,2.88
2018-06-27,249.404526,98.773735,38.444786,102.333054,2.52,2.83
2018-06-28,250.83049,99.179169,38.750134,103.486183,2.52,2.84
2018-06-29,251.191589,99.224205,38.790695,103.684662,2.52,2.85
2018-07-02,251.728622,99.134109,39.019707,104.128883,2.57,2.87
2018-07-03,250.839722,99.143135,38.7239,103.278221,2.53,2.83
2018-07-05,252.886124,99.737747,39.124664,103.977661,2.55,2.84
2018-07-06,255.024994,100.323387,39.527802,104.922813,2.53,2.82
2018-07-09,257.32132,101.269409,39.888023,106.123184,2.57,2.86
2018-07-10,258.247284,101.647835,39.997761,106.387817,2.59,2.87
2018-07-11,256.358398,100.791916,39.799755,105.830185,2.58,2.85
2018-07-12,258.682526,101.170326,40.288784,107.304634,2.6,2.85
2018-07-13,258.886292,101.224373,40.348431,107.143959,2.59,2.83
2018-07-16,258.654724,101.323471,40.269695,107.210121,2.59,2.85
2018-07-17,259.70108,101.458633,40.522568,107.786667,2.62,2.86
2018-07-18,260.247406,101.809998,40.555965,108.060768,2.6,2.88
2018-07-19,259.26593,101.485649,40.384201,107.323547,2.6,2.84
2018-07-20,258.969574,101.251411,40.386593,107.418053,2.6,2.89
2018-07-23,259.45108,101.458633,40.448612,107.616547,2.64,2.96
2018-07-24,260.756683,101.918114,40.634678,107.531471,2.63,2.95
2018-07-25,262.978973,102.39563,41.176193,108.968147,2.66,2.94
2018-07-26,262.358551,102.864151,40.782589,108.637306,2.69,2.98
2018-07-27,260.580719,102.728996,40.353203,107.002197,2.67,2.96
2018-07-30,259.219543,102.954239,39.854626,105.121307,2.66,2.98
2018-07-31,260.497375,103.179466,40.119419,105.508827,2.67,2.96
2018-08-01,260.062225,102.602867,40.253006,105.726219,2.67,3
2018-08-02,261.479004,102.683952,40.579819,106.822609,2.66,2.98
2018-08-03,262.599335,103.36869,40.713413,106.85096,2.63,2.95
2018-08-06,263.562317,103.611938,40.892323,107.408607,2.64,2.94
2018-08-07,264.432617,103.963333,41.016369,107.918999,2.68,2.98
2018-08-08,264.321564,103.774124,41.042606,108.108009,2.68,2.96
2018-08-09,263.96051,103.476814,41.035458,108.126938,2.64,2.93
2018-08-10,262.191803,102.84613,40.74202,107.588181,2.61,2.87
2018-08-13,261.210419,102.233467,40.658535,107.09671,2.61,2.88
2018-08-14,262.877075,102.945236,40.897095,107.852829,2.63,2.89
2018-08-15,260.914032,102.251472,40.579819,106.425644,2.61,2.86
2018-08-16,263.025299,103.395721,40.804058,107.219566,2.63,2.87
2018-08-17,263.951172,103.909279,40.878002,107.295174,2.61,2.87
2018-08-20,264.516022,104.332726,40.928116,107.862297,2.6,2.82
2018-08-21,265.136414,104.575996,41.006828,108.211983,2.61,2.85
2018-08-22,264.979004,104.287682,41.076012,108.675117,2.6,2.82
2018-08-23,264.627197,104.017395,41.054535,108.807449,2.61,2.82
2018-08-24,266.219757,104.431847,41.378963,110.017281,2.63,2.82
2018-08-27,268.321655,105.125595,41.727245,110.915169,2.67,2.85
2018-08-28,268.451294,105.062538,41.789265,111.056961,2.67,2.88
2018-08-29,269.895844,105.296768,42.144707,112.021004,2.67,2.89
2018-08-30,268.803162,104.684113,42.0159,111.472816,2.64,2.86
2018-08-31,268.812439,104.557976,42.046894,111.699654,2.62,2.86
2018-09-04,268.349457,104.440834,41.996807,112.06826,2.66,2.9
2018-09-05,267.627258,104.900345,41.638981,110.14959,2.66,2.9
2018-09-06,266.821655,104.603027,41.486313,110.215744,2.64,2.88
2018-09-07,266.30304,104.377762,41.402817,109.894363,2.71,2.94
2018-09-10,266.766113,104.594009,41.479156,110.281898,2.73,2.94
2018-09-11,267.645752,104.666077,41.724861,110.86792,2.76,2.98
2018-09-12,267.71048,104.801247,41.691456,111.01915,2.74,2.97
2018-09-13,269.293915,105.080528,42.034985,111.652382,2.76,2.97
2018-09-14,269.340302,105.215675,42.0159,111.841438,2.78,2.99
2018-09-17,267.914276,105.224701,41.600815,110.499306,2.78,2.99
2018-09-18,269.368011,105.621132,41.891842,111.680763,2.81,3.05
2018-09-19,269.65509,105.990517,41.856064,111.217613,2.81,3.08
2018-09-20,271.840271,106.675255,42.237736,111.954849,2.81,3.07
2018-09-21,271.591888,106.792397,42.149483,111.841438,2.81,3.07
2018-09-24,270.689697,105.999542,42.151875,112.058815,2.83,3.08
2018-09-25,270.438599,105.65715,42.170948,112.436874,2.83,3.1
2018-09-26,269.629333,105.125191,42.120968,112.261627,2.83,3.06
2018-09-27,270.382751,105.079895,42.341011,112.574249,2.83,3.06
2018-09-28,270.410675,104.980186,42.376896,112.725815,2.81,3.05
2018-10-01,271.350128,105.397064,42.508442,113.313133,2.82,3.09
2018-10-02,271.191986,105.596443,42.412762,112.811073,2.82,3.05
2018-10-03,271.340729,105.687073,42.441471,113.180519,2.85,3.15
2018-10-04,269.220154,105.650818,41.853062,111.380676,2.87,3.19
2018-10-05,267.713287,105.324562,41.527775,110.253418,2.88,3.23
2018-10-09,267.322571,105.523949,41.336426,109.258766,2.88,3.21
2018-10-10,258.858276,103.049858,39.731464,104.361359,2.88,3.22
2018-10-11,253.15654,100.204254,39.052174,102.362602,2.85,3.14
2018-10-12,256.672424,100.738914,39.88216,104.958153,2.85,3.15
2018-10-15,255.230743,100.639252,39.513809,103.641441,2.85,3.16
2018-10-16,260.811584,102.152679,40.561455,106.710617,2.87,3.16
2018-10-17,260.858093,102.261436,40.542316,106.68219,2.89,3.19
2018-10-18,257.091034,101.382385,39.80323,104.541344,2.87,3.17
2018-10-19,256.951508,101.473,39.688412,103.376198,2.92,3.2
2018-10-22,255.798126,100.485168,39.71233,103.717232,2.92,3.2
2018-10-23,254.495956,99.868942,39.516205,102.646805,2.89,3.17
2018-10-24,246.785049,97.503609,38.093033,98.762947,2.84,3.1
2018-10-25,251.212524,98.455177,39.07132,101.576378,2.86,3.14
2018-10-26,246.794373,97.104866,38.23177,99.331345,2.81,3.08
2018-10-29,245.427094,97.394852,37.755787,97.957802,2.81,3.08
2018-10-30,249.063873,98.980804,38.310688,99.539726,2.84,3.12
2018-10-31,251.72406,99.370499,38.9589,101.614258,2.87,3.15
2018-11-01,254.402954,100.104553,39.427708,103.385666,2.84,3.14
2018-11-02,252.896149,99.923309,39.054581,102.675217,2.91,3.22
2018-11-05,254.291275,101.110497,39.092842,103.253036,2.91,3.2
2018-11-06,255.900436,101.726753,39.348774,103.508804,2.93,3.22
2018-11-07,261.378998,103.149559,40.401203,106.587463,2.96,3.22
2018-11-08,260.904541,102.995491,40.327049,106.388542,2.98,3.24
2018-11-09,258.356018,102.342995,39.853455,104.920258,2.94,3.19
2018-11-13,253.054138,100.820488,38.824959,101.92688,2.89,3.14
2018-11-14,251.324158,100.158943,38.525967,100.951164,2.86,3.12
2018-11-15,253.947083,100.938301,39.056965,102.419449,2.86,3.11
2018-11-16,254.607468,101.382385,39.068924,101.82267,2.81,3.08
2018-11-19,250.30101,100.902046,37.999763,98.488274,2.79,3.06
2018-11-20,245.668915,98.808609,37.377869,96.773682,2.79,3.06
2018-11-21,246.505997,99.053299,37.547691,97.171547,2.81,3.06
2018-11-23,244.859695,98.337364,37.325249,96.489502,2.81,3.05
2018-11-26,248.812759,99.569878,37.999763,98.639816,2.84,3.07
2018-11-27,249.649857,99.923309,38.128922,98.94297,2.83,3.06
2018-11-28,255.398117,101.43676,39.262665,102.343666,2.81,3.06
2018-11-29,254.840057,101.29174,39.176556,101.907928,2.81,3.03
2018-11-30,256.393402,101.871742,39.499462,103.054131,2.8,3.01
2018-12-03,259.788422,102.714561,40.099823,104.361359,2.83,2.98
2018-12-04,251.370667,99.796455,38.717316,101.244812,2.8,2.91
2018-12-06,250.989288,99.20739,38.791466,101.585838,2.75,2.87
2018-12-07,245.157318,97.47641,37.693592,98.630341,2.72,2.85
2018-12-10,245.622375,96.987045,37.97105,99.359749,2.72,2.85
2018-12-11,245.678177,96.805801,38.028461,99.530273,2.78,2.89
2018-12-12,246.915283,97.068611,38.322651,100.145996,2.77,2.91
2018-12-13,246.831543,96.959846,38.327438,100.316505,2.75,2.91
2018-12-14,242.273895,95.537048,37.490288,98.033562,2.73,2.89
2018-12-17,237.520874,93.792076,36.64465,95.566902,2.7,2.86
2018-12-18,237.260406,93.253624,36.812634,95.671486,2.65,2.82
2018-12-19,233.707275,92.131081,36.147938,94.454315,2.63,2.77
2018-12-20,229.902969,90.743851,35.555229,92.619049,2.67,2.79
2018-12-21,225.192398,89.374893,34.650574,90.688698,2.63,2.79
2018-12-24,219.242142,87.029419,33.733917,88.244843,2.55,2.74
2018-12-26,230.319336,90.908127,35.524025,93.170609,2.61,2.81
2018-12-27,232.087585,91.674744,35.859982,94.073975,2.56,2.77
2018-12-28,231.788177,91.60173,35.795197,94.045433,2.52,2.72
2018-12-31,233.818375,92.304466,36.155136,95.310143,2.48,2.69
2019-01-02,234.0616,92.67865,36.087944,94.673042,2.5,2.66
2019-01-03,228.476273,90.497452,35.156891,92.058014,2.39,2.56
2019-01-04,236.129257,93.354027,36.443092,95.138977,2.5,2.67
2019-01-07,237.991043,94.03849,36.711845,96.051857,2.53,2.7
2019-01-08,240.227036,94.741211,37.126984,97.240501,2.58,2.73
2019-01-09,241.349747,95.161041,37.294952,97.811058,2.56,2.74
2019-01-10,242.201111,95.63562,37.422138,97.944191,2.56,2.74
2019-01-11,242.294662,95.681236,37.395733,98.01075,2.55,2.71
2019-01-14,240.816467,95.32531,37.131783,97.154907,2.53,2.71
2019-01-15,243.576385,95.964172,37.693295,98.685883,2.53,2.72
2019-01-16,244.165817,96.566513,37.6381,98.533737,2.55,2.73
2019-01-17,246.018234,97.260109,37.962051,99.284966,2.56,2.75
2019-01-18,249.29277,98.71122,38.381973,100.330971,2.62,2.79
2019-01-22,245.924667,97.387886,37.882866,99.227898,2.58,2.74
2019-01-23,246.43927,97.561287,37.940445,99.532219,2.58,2.76
2019-01-24,246.570251,97.743805,37.947651,99.237411,2.56,2.72
2019-01-25,248.656509,98.756844,38.211617,99.884048,2.6,2.76
2019-01-28,246.766708,98.282272,37.810871,98.885582,2.6,2.75
2019-01-29,246.43927,98.437416,37.669292,98.476685,2.56,2.72
2019-01-30,250.340561,99.605598,38.384377,100.540154,2.52,2.7
2019-01-31,252.5392,100.189682,38.830715,101.462532,2.45,2.63
2019-02-01,252.660828,100.344841,38.823509,101.652748,2.52,2.7
2019-02-04,254.43837,100.910683,39.145077,101.842926,2.53,2.73
2019-02-05,255.504929,101.193588,39.370632,102.004585,2.53,2.71
2019-02-06,255.168076,101.211853,39.248253,102.080635,2.52,2.7
2019-02-07,252.735657,100.253555,38.871506,101.624214,2.48,2.65
2019-02-08,253.044418,100.125786,39.008286,102.014099,2.45,2.63
2019-02-11,253.184769,100.134926,39.041882,102.014099,2.48,2.65
2019-02-12,256.440552,101.412628,39.5602,103.079117,2.5,2.68
2019-02-13,257.273163,101.814178,39.65139,103.126663,2.53,2.71
2019-02-14,256.702423,101.403519,39.632191,103.003044,2.5,2.66
2019-02-15,259.499847,102.726822,39.992126,104.087074,2.52,2.66
2019-02-19,259.948944,102.991501,40.028126,104.163139,2.5,2.65
2019-02-20,260.472839,103.338287,40.06892,104.125107,2.5,2.65
2019-02-21,259.5466,102.818092,39.970535,104.324821,2.53,2.69
2019-02-22,261.155792,103.174042,40.325676,105.066528,2.48,2.65
2019-02-25,261.511322,103.374802,40.35928,104.866829,2.51,2.67
2019-02-26,261.324249,103.146637,40.373676,104.866829,2.48,2.64
2019-02-27,261.211945,102.954994,40.421661,104.638611,2.5,2.69
2019-02-28,260.725403,102.434769,40.421661,104.904877,2.52,2.73
2019-03-01,262.353333,103.028,40.738411,105.427872,2.55,2.76
2019-03-04,261.399017,102.535164,40.616032,104.619606,2.55,2.72
2019-03-05,261.043549,102.343529,40.582432,104.572052,2.55,2.72
2019-03-06,259.462433,101.604279,40.349678,103.992004,2.52,2.69
2019-03-07,257.29187,100.846786,40.006523,103.364372,2.47,2.64
2019-03-08,256.777283,100.764656,39.881744,103.069588,2.45,2.62
2019-03-11,260.500946,102.224869,40.474461,104.419899,2.47,2.64
2019-03-12,261.483246,102.580803,40.616032,104.847801,2.45,2.61
2019-03-13,263.214081,103.256157,40.896786,105.446907,2.45,2.61
2019-03-14,263.045593,103.347435,40.831997,105.465897,2.46,2.63
2019-03-15,264.345367,103.758118,41.069557,106.055466,2.43,2.59
2019-03-18,265.303741,104.406097,41.122353,106.084,2.45,2.6
2019-03-19,265.369537,104.205284,41.215942,106.312218,2.46,2.61
2019-03-20,264.570709,103.334312,41.253742,105.979889,2.4,2.54
2019-03-21,267.55896,104.435669,41.732899,107.125839,2.41,2.54
2019-03-22,262.409546,102.343117,40.969612,105.913033,2.31,2.44
2019-03-25,262.212158,102.021866,41.032219,106.027626,2.26,2.43
2019-03-26,264.166809,102.737755,41.323574,106.724754,2.24,2.41
2019-03-27,262.7854,102.398178,41.082779,106.199516,2.22,2.39
2019-03-28,263.781403,102.81118,41.224842,106.428719,2.23,2.39
2019-03-29,265.444702,103.472,41.501751,107.125839,2.27,2.41
2019-04-01,268.592682,104.811966,41.930347,107.498268,2.33,2.49
2019-04-02,268.724213,104.747726,41.971279,107.297729,2.3,2.48
2019-04-03,269.147095,105.023048,42.038696,107.249977,2.33,2.52
2019-04-04,269.861328,105.518677,42.048336,107.011246,2.33,2.51
2019-04-05,271.16748,106.09687,42.21207,107.460068,2.35,2.5
2019-04-08,271.374237,106.307976,42.21207,107.526909,2.36,2.52
2019-04-09,269.983398,105.555389,42.060371,107.355011,2.35,2.51
2019-04-10,270.904388,105.904144,42.207253,107.670151,2.31,2.48
2019-04-11,270.829163,105.940865,42.183178,107.355011,2.35,2.51
2019-04-12,272.661499,106.665901,42.460079,107.708351,2.4,2.56
2019-04-15,272.483002,106.546585,42.452854,107.975731,2.4,2.55
2019-04-16,272.661499,106.867828,42.402298,107.297729,2.41,2.6
2019-04-17,271.994324,106.812737,42.216888,106.390526,2.4,2.59
2019-04-18,272.530029,106.89537,42.330051,106.619713,2.38,2.57
2019-04-22,272.764893,106.831108,42.46249,106.619713,2.38,2.59
2019-04-23,275.217499,107.592903,42.857372,107.46962,2.36,2.57
2019-04-24,274.606689,107.299194,42.814034,107.651054,2.32,2.53
2019-04-25,274.437561,106.757683,42.963314,108.166733,2.33,2.54
2019-04-26,275.715485,107.271645,43.139095,109.026169,2.28,2.51
2019-04-29,276.147858,107.537811,43.155945,108.844734,2.3,2.54
2019-04-30,276.288757,107.712196,43.139095,109.54184,2.27,2.51
2019-05-01,274.212097,107.244133,42.710503,108.701492,2.31,2.52
2019-05-02,273.620026,107.005493,42.635857,108.653732,2.35,2.55
2019-05-03,276.298126,107.822327,43.100563,109.427238,2.33,2.54
2019-05-06,275.161163,107.326714,42.980171,109.360413,2.31,2.51
2019-05-07,270.566071,105.518677,42.24337,107.756096,2.28,2.45
2019-05-08,270.190155,105.280037,42.219296,107.689255,2.3,2.49
2019-05-09,269.372589,105.004715,42.094082,107.526909,2.26,2.45
2019-05-10,270.725891,105.445244,42.284298,108.443649,2.26,2.47
2019-05-13,263.922455,102.719391,41.304302,106.782043,2.18,2.4
2019-05-14,266.309204,103.64637,41.614925,107.335922,2.2,2.42
2019-05-15,267.86908,103.894173,42.00499,107.794296,2.16,2.37
2019-05-16,270.349915,104.554977,42.496201,108.987984,2.2,2.4
2019-05-17,268.602081,103.95842,42.236145,108.682396,2.2,2.39
2019-05-20,266.82608,103.380219,41.906273,108.319504,2.21,2.41
2019-05-21,269.231659,104.40815,42.21207,108.940231,2.26,2.43
2019-05-22,268.404785,103.756523,42.20966,109.293556,2.23,2.39
2019-05-23,265.125244,102.526672,41.723278,108.548706,2.12,2.31
2019-05-24,265.726624,102.737755,41.797916,108.711044,2.16,2.32
2019-05-28,263.255249,101.406944,41.549908,107.813393,2.12,2.26
2019-05-29,261.488586,100.865456,41.212807,107.125839,2.09,2.25
2019-05-30,262.20282,100.874641,41.419888,107.94709,2.06,2.22
2019-05-31,258.669525,99.580551,40.868484,107.135384,1.95,2.14
2019-06-03,258.011749,100.186287,40.401356,106.40963,1.82,2.07
2019-06-04,263.612366,102.554207,41.220036,108.481842,1.88,2.12
2019-06-05,265.895721,103.150764,41.660671,110.305801,1.83,2.12
2019-06-06,267.624817,103.839104,41.95443,111.165253,1.88,2.12
2019-06-07,270.302948,104.509102,42.510647,112.607224,1.85,2.09
2019-06-10,271.543335,105.032234,42.703274,112.845963,1.9,2.15
2019-06-11,271.477448,105.188271,42.618996,112.425781,1.93,2.15
2019-06-12,270.998352,104.821152,42.587696,112.740898,1.88,2.13
2019-06-13,272.116547,105.518677,42.71772,112.931915,1.83,2.1
2019-06-14,271.815826,105.335098,42.652706,112.712265,1.84,2.09
2019-06-17,271.919189,105.128357,42.775784,112.628868,1.86,2.09
2019-06-18,274.766479,106.309784,43.165089,113.482048,1.86,2.06
2019-06-19,275.386688,106.42054,43.35854,114.296875,1.74,2.03
2019-06-20,278.017853,107.380455,43.781704,115.466393,1.72,2.01
2019-06-21,277.613678,107.306618,43.733345,114.795364,1.77,2.07
2019-06-24,277.273712,106.937416,43.704338,114.766594,1.72,2.02
2019-06-25,274.554291,106.300568,43.153,113.443687,1.71,2
2019-06-26,274.280426,106.291336,43.053867,112.830185,1.77,2.05
2019-06-27,275.253082,106.808189,43.186855,113.213631,1.74,2.01
2019-06-28,276.669403,107.592735,43.341621,113.692932,1.75,2
2019-07-01,279.181213,108.404945,43.745438,114.881638,1.78,2.03
2019-07-02,279.908234,108.488037,43.946133,115.658127,1.77,1.98
2019-07-03,282.146118,109.291046,44.304005,116.837219,1.77,1.96
2019-07-05,281.825073,109.25412,44.214539,116.405853,1.87,2.04
2019-07-08,280.276581,108.626488,43.999332,115.830673,1.88,2.05
2019-07-09,280.625854,108.644936,44.105728,116.194954,1.92,2.07
2019-07-10,281.966705,108.857239,44.424911,116.798882,1.82,2.07
2019-07-11,282.627686,109.235641,44.451515,117.019356,1.85,2.13
2019-07-12,283.892975,110.010979,44.567574,117.412399,1.84,2.12
2019-07-15,283.987396,109.974037,44.630455,117.661644,1.83,2.09
2019-07-16,283.071533,109.697151,44.441837,117.143982,1.87,2.13
2019-07-17,281.145172,108.755707,44.20245,116.664665,1.83,2.06
2019-07-18,282.174469,109.281807,44.311268,117.383629,1.77,2.04
2019-07-19,280.606995,108.746483,44.04044,116.425011,1.8,2.05
2019-07-22,281.296234,108.949532,44.185516,116.98101,1.8,2.05
2019-07-23,283.307556,109.872513,44.427334,117.230255,1.83,2.08
2019-07-24,284.639038,110.518616,44.589348,117.584969,1.83,2.05
2019-07-25,283.279205,110.001755,44.371712,117.163162,1.86,2.08
2019-07-26,285.177185,110.57399,44.753769,117.949234,1.86,2.08
2019-07-29,284.657867,110.481682,44.640125,117.76709,1.85,2.06
2019-07-30,283.959137,110.40786,44.468437,117.52742,1.85,2.06
2019-07-31,280.852478,109.475639,43.85667,115.734795,1.89,2.02
2019-08-01,278.40686,107.943481,43.682564,115.562256,1.73,1.9
2019-08-02,276.310577,107.23278,43.331944,114.363983,1.72,1.86
2019-08-05,268.001068,104.02076,42.06728,110.845833,1.59,1.75
2019-08-06,271.759247,105.294502,42.652466,112.849342,1.6,1.73
2019-08-07,271.919739,105.202194,42.766109,113.184868,1.59,1.71
2019-08-08,277.254913,107.066628,43.622108,115.543098,1.62,1.72
2019-08-09,275.366302,106.337486,43.365795,115.178802,1.63,1.74
2019-08-12,272.014191,104.952988,42.824146,113.760025,1.58,1.65
2019-08-13,276.244446,106.568214,43.498783,115.447227,1.66,1.68
2019-08-14,268.076538,103.374687,42.26556,112.274185,1.58,1.59
2019-08-15,268.784729,103.457756,42.415493,112.753502,1.48,1.52
2019-08-16,272.750732,105.257576,42.952305,114.316032,1.48,1.55
2019-08-19,276.036713,106.485153,43.508461,115.408875,1.53,1.6
2019-08-20,273.9216,105.562149,43.172344,114.795364,1.5,1.55
2019-08-21,276.150085,106.37439,43.573742,115.849838,1.56,1.59
2019-08-22,276.065094,106.457451,43.486694,115.725227,1.61,1.62
2019-08-23,268.973602,103.642349,42.396149,112.772652,1.51,1.52
2019-08-26,271.948059,104.72226,42.923286,114.229767,1.54,1.54
2019-08-27,270.881073,104.011551,42.833813,114.325638,1.53,1.49
2019-08-28,272.788544,104.943764,43.073204,114.852875,1.5,1.47
2019-08-29,276.272766,106.355934,43.597927,116.214134,1.53,1.5
2019-08-30,276.150085,106.558983,43.520554,116.04158,1.5,1.5
2019-09-03,274.535339,105.931358,43.252144,115.428062,1.47,1.47
2019-09-04,277.651428,107.23278,43.704338,116.808472,1.43,1.47
2019-09-05,281.220795,108.617241,44.258072,117.939636,1.55,1.57
2019-09-06,281.437927,108.857239,44.274994,117.901306,1.53,1.55
2019-09-09,281.57962,109.798683,43.958221,115.945717,1.58,1.63
2019-09-10,281.513519,110.500153,43.73576,114.229767,1.67,1.72
2019-09-11,283.51532,111.404671,43.970318,114.728249,1.68,1.75
2019-09-12,284.497345,111.533897,44.224216,115.792336,1.72,1.79
2019-09-13,284.308563,111.570824,44.120232,115.130875,1.79,1.9
2019-09-16,283.430298,111.349312,43.963058,114.603622,1.74,1.84
2019-09-17,284.14798,111.386215,44.163757,115.629356,1.72,1.81
2019-09-18,284.317963,111.496994,44.171024,115.773163,1.77,1.8
2019-09-19,284.299072,111.19239,44.267735,115.897774,1.74,1.79
2019-09-20,282.955811,110.749367,44.021095,115.456802,1.69,1.74
2019-09-23,282.889435,110.860107,43.999332,115.533493,1.68,1.72
2019-09-24,280.669647,110.067154,43.606506,114.749451,1.6,1.64
2019-09-25,282.329712,110.717133,43.84914,114.99958,1.68,1.73
2019-09-26,281.741577,110.308578,43.824875,115.230461,1.66,1.7
2019-09-27,280.223694,110.067154,43.473049,114.027946,1.63,1.69
2019-09-30,281.523376,110.624268,43.681721,114.720596,1.63,1.68
2019-10-01,278.174774,109.296478,43.201302,113.489212,1.56,1.65
2019-10-02,273.260834,107.160866,42.429718,111.468979,1.48,1.6
2019-10-03,275.499603,107.773712,42.871326,112.690735,1.39,1.54
2019-10-04,279.227753,109.277916,43.448792,114.51857,1.4,1.52
2019-10-07,278.02298,108.869362,43.271667,113.902878,1.46,1.56
2019-10-08,273.706726,107.160866,42.575298,111.805695,1.42,1.54
2019-10-09,276.305939,108.052254,43.021751,113.05629,1.47,1.59
2019-10-10,278.174774,109.008636,43.223137,113.46035,1.53,1.67
2019-10-11,281.058533,110.373566,43.577389,114.364639,1.63,1.76
2019-10-15,283.524963,111.320679,43.994724,114.7687,1.61,1.77
2019-10-16,283.069641,111.162811,43.919502,114.114525,1.58,1.75
2019-10-17,283.904419,111.534233,44.01899,114.412766,1.6,1.76
2019-10-18,282.661743,111.497078,43.693848,113.768196,1.58,1.76
2019-10-21,284.577911,112.453461,43.929211,114.335777,1.62,1.8
2019-10-22,283.648315,112.741302,43.565258,112.950478,1.6,1.78
2019-10-23,284.473602,112.992004,43.689007,112.892769,1.58,1.77
2019-10-24,284.938446,112.824883,43.890392,114.172241,1.58,1.77
2019-10-25,286.105255,113.44696,44.026268,114.499336,1.63,1.8
2019-10-28,287.717865,113.948387,44.341686,115.038063,1.64,1.85
2019-10-29,287.632507,113.771965,44.329559,115.115013,1.64,1.84
2019-10-30,288.514771,113.883385,44.577045,115.942352,1.61,1.78
2019-10-31,287.746368,113.539833,44.431465,115.461357,1.52,1.69
2019-11-01,290.411987,115.109047,44.703217,115.90387,1.56,1.73
2019-11-04,291.578827,115.888992,44.744473,115.230461,1.6,1.79
2019-11-05,291.256287,116.000412,44.628006,114.537804,1.63,1.86
2019-11-06,291.322693,116.037567,44.630432,114.951477,1.61,1.81
2019-11-07,292.347168,116.659676,44.722633,115.086151,1.68,1.92
2019-11-08,293.068176,116.91967,44.846371,115.865395,1.68,1.94
2019-11-12,293.125092,116.659676,44.909451,116.307922,1.66,1.92
2019-11-13,293.21994,116.668953,44.962841,117.202606,1.63,1.88
2019-11-14,293.64679,116.76181,45.055042,117.087151,1.58,1.82
2019-11-15,295.771729,117.616043,45.399586,117.577782,1.61,1.84
2019-11-18,295.989929,117.727478,45.39716,117.799034,1.6,1.81
2019-11-19,295.90448,117.300354,45.520901,118.539787,1.6,1.79
2019-11-20,294.804108,116.771103,45.380165,118.203087,1.56,1.73
2019-11-21,294.329773,116.696808,45.285545,117.433472,1.6,1.77
2019-11-22,294.984375,117.077507,45.348629,117.529694,1.61,1.77
2019-11-25,297.270599,117.894615,45.698029,118.347404,1.61,1.76
2019-11-26,297.944122,117.829605,45.89698,119.270935,1.58,1.74
2019-11-27,299.272156,118.321716,46.137192,119.703842,1.63,1.77
2019-11-29,298.162262,117.941017,45.950359,119.26133,1.61,1.78
2019-12-02,295.629486,117.0868,45.503914,117.866386,1.61,1.83
2019-12-03,293.64679,115.935425,45.326786,117.95298,1.53,1.72
2019-12-04,295.458679,116.836075,45.540314,118.501335,1.58,1.77
2019-12-05,295.989929,117.226074,45.579132,118.712967,1.58,1.8
2019-12-06,298.693451,118.433159,45.928528,119.001572,1.61,1.84
2019-12-09,297.754333,118.03389,45.799923,118.626389,1.63,1.83
2019-12-10,297.422333,117.987465,45.719864,118.433983,1.65,1.85
2019-12-11,298.266602,118.293877,45.867867,118.712967,1.61,1.79
2019-12-12,300.837402,119.677361,46.132343,118.818787,1.66,1.9
2019-12-13,301.017609,119.500954,46.246387,119.338264,1.61,1.82
2019-12-16,303.085602,120.433899,46.542305,119.980637,1.65,1.89
2019-12-17,303.152039,120.555313,46.508125,119.758476,1.63,1.89
2019-12-18,303.171051,120.480576,46.544762,119.710167,1.63,1.92
2019-12-19,304.413727,120.770126,46.823093,120.444305,1.62,1.92
2019-12-20,305.748352,121.339767,47.077023,121.323318,1.63,1.92
2019-12-23,306.215393,121.414467,47.11121,120.849991,1.64,1.93
2019-12-24,306.224976,121.330437,47.125862,121.043182,1.62,1.9
2019-12-26,307.855103,121.647942,47.487225,121.439224,1.64,1.9
2019-12-27,307.778778,121.60125,47.487225,121.622765,1.59,1.88
2019-12-30,306.08194,121.124977,47.179569,121.023849,1.58,1.9
2019-12-31,306.825439,121.489189,47.279678,121.28466,1.58,1.92
2020-01-02,309.694916,121.956116,47.924267,121.690361,1.58,1.88
2020-01-03,307.349792,121.087639,47.572678,121.671043,1.53,1.8
2020-01-06,308.5224,121.28373,47.826599,121.806267,1.54,1.81
2020-01-07,307.654877,120.826141,47.750912,121.506836,1.54,1.83
2020-01-08,309.294556,121.143661,48.082966,122.154007,1.58,1.87
2020-01-09,311.391785,121.685318,48.502934,123.216568,1.58,1.85
2020-01-10,310.495636,121.255722,48.390617,123.216568,1.56,1.83
2020-01-13,312.631042,121.694649,48.852085,124.366058,1.58,1.85
2020-01-14,312.154388,121.788025,48.676296,124.124565,1.58,1.82
2020-01-15,312.859802,121.993484,48.820347,125.177437,1.56,1.79
2020-01-16,315.462311,122.871353,49.2696,126.172371,1.58,1.81
2020-01-17,316.444214,123.067451,49.535744,126.906471,1.58,1.84
2020-01-21,315.824585,122.572487,49.486908,127.563332,1.53,1.78
2020-01-22,315.862701,122.637878,49.50156,127.86277,1.53,1.77
2020-01-23,316.224915,122.628502,49.596786,128.104279,1.51,1.74
2020-01-24,313.41272,121.405159,49.169495,127.534348,1.49,1.7
2020-01-27,308.388916,119.733482,48.317364,126.404205,1.44,1.61
2020-01-28,311.620605,120.536644,48.981491,127.515053,1.45,1.65
2020-01-29,311.363159,119.976295,49.086483,127.118996,1.42,1.6
2020-01-30,312.373627,120.424545,49.218327,128.017365,1.41,1.57
2020-01-31,306.701538,118.239265,48.349113,125.8246,1.33,1.51
2020-02-03,308.97998,118.659523,48.861855,127.02243,1.36,1.54
2020-02-04,313.68924,120.107033,49.745728,128.596909,1.41,1.61
2020-02-05,317.311676,122.254982,50.019192,128.509964,1.44,1.66
2020-02-06,318.379395,122.273659,50.339039,129.157166,1.44,1.65
2020-02-07,316.682556,121.563896,50.082668,128.66452,1.41,1.59
2020-02-10,319.046661,121.9468,50.639355,129.978226,1.37,1.56
2020-02-11,319.599518,122.49778,50.632027,130.084473,1.41,1.59
2020-02-12,321.658722,123.076782,51.01049,130.422562,1.44,1.62
2020-02-13,321.315491,122.852646,50.988522,131.320862,1.44,1.61
2020-02-14,321.830292,122.740601,51.166752,132.209564,1.42,1.59
2020-02-18,321.000916,122.282974,51.088619,132.103287,1.41,1.55
2020-02-19,322.535706,122.647209,51.415794,132.412415,1.42,1.56
2020-02-20,321.210663,122.516472,51.08374,131.861832,1.39,1.52
2020-02-21,317.90271,121.993484,50.309734,130.664032,1.34,1.46
2020-02-24,307.359283,118.239265,48.515144,127.418465,1.26,1.38
2020-02-25,298.045715,114.485039,47.11121,123.88308,1.2,1.33
2020-02-26,296.949493,113.457779,47.145397,123.158615,1.16,1.33
2020-02-27,283.612915,108.60157,44.960129,117.749298,1.11,1.3
2020-02-28,282.421356,107.051308,45.062687,116.783333,0.86,1.13
2020-03-02,294.651978,111.879517,47.013546,122.414825,0.84,1.1
2020-03-03,286.215454,108.704292,45.692631,120.038605,0.71,1.02
2020-03-04,298.24588,113.299011,47.521404,125.534859,0.67,1.02
2020-03-05,288.331665,109.5448,46.019798,122.038116,0.59,0.92
2020-03-06,283.565247,107.592964,45.194527,120.357368,0.49,0.74
2020-03-09,261.42038,98.805099,41.856827,112.146782,0.38,0.54
2020-03-10,274.94751,103.362465,44.247181,116.97654,0.5,0.76
2020-03-11,261.544281,98.020638,42.086334,111.142204,0.5,0.82
2020-03-12,236.520462,88.102776,38.179729,101.183258,0.5,0.88
2020-03-13,256.739685,96.096848,41.822639,109.287567,0.49,0.94
2020-03-16,228.646301,85.347816,36.853928,95.773941,0.36,0.73
2020-03-17,240.991379,90.082596,38.978153,102.448647,0.47,1.02
2020-03-18,228.789322,85.217079,37.415504,96.933083,0.54,1.18
2020-03-19,229.275467,84.666092,37.525379,96.285896,0.44,1.12
2020-03-20,219.39502,80.977242,35.992035,90.615753,0.37,0.92
2020-03-23,213.785492,77.484489,35.296169,87.283241,0.28,0.76
2020-03-24,233.155167,84.992928,38.54842,96.575684,0.38,0.84
2020-03-25,236.645538,86.926735,38.759811,98.812141,0.34,0.88
2020-03-26,250.463211,92.288971,40.878563,105.332344,0.3,0.83
2020-03-27,243.002991,89.772774,39.609756,103.275383,0.25,0.72
2020-03-30,250.894684,92.345528,41.042683,106.56459,0.23,0.7
2020-03-31,247.155014,90.705742,40.427872,103.314194,0.23,0.7
2020-04-01,236.031845,86.644012,38.701031,98.278488,0.23,0.62
2020-04-02,241.478378,88.745567,39.524025,99.850319,0.23,0.63
2020-04-03,237.988022,87.397926,38.950863,98.07473,0.23,0.62
2020-04-06,253.972763,92.892113,41.794651,105.089775,0.27,0.67
2020-04-07,254.231644,93.240807,41.68198,104.28447,0.28,0.75
2020-04-08,262.765778,97.010384,42.889549,107.234062,0.27,0.77
2020-04-09,266.764374,99.16848,43.283909,108.087914,0.23,0.73
2020-04-13,264.328796,97.217705,43.183487,108.534225,0.25,0.76
2020-04-14,272.124573,99.300438,44.714375,112.764618,0.23,0.76
2020-04-15,266.342529,96.510925,43.986893,111.318901,0.2,0.63
2020-04-16,267.627441,96.416672,44.442486,113.113907,0.2,0.61
2020-04-17,274.857452,99.922379,45.297333,114.96711,0.2,0.65
2020-04-20,270.015045,97.867966,44.601704,113.734871,0.2,0.63
2020-04-21,261.816528,95.25753,43.154087,109.475388,0.2,0.58
2020-04-22,267.627441,96.718246,44.324921,112.395905,0.22,0.63
2020-04-23,267.608215,96.784203,44.324921,112.095108,0.22,0.61
2020-04-24,271.338348,97.999908,44.947071,113.725166,0.22,0.6
2020-04-27,275.250641,100.073189,45.39777,115.17086,0.24,0.67
2020-04-28,273.984863,100.497261,44.846642,113.734871,0.2,0.62
2020-04-29,281.15744,102.438591,46.267307,116.50013,0.2,0.63
2020-04-30,278.539673,100.355896,46.188934,115.40374,0.2,0.64
2020-05-01,271.16571,97.575829,44.996059,112.580246,0.2,0.64
2020-05-04,271.913666,97.519272,45.348774,114.093849,0.19,0.64
2020-05-05,274.425934,98.009323,45.838665,115.898567,0.19,0.66
2020-05-06,272.565735,96.473221,45.836208,115.869461,0.17,0.72
2020-05-07,275.854706,97.377922,46.453465,116.703903,0.13,0.63
2020-05-08,280.419067,99.507729,47.05603,118.033165,0.16,0.69
2020-05-11,280.476532,98.800941,47.303421,119.672913,0.17,0.73
2020-05-12,274.886292,96.850166,46.340801,117.567436,0.17,0.69
2020-05-13,270.024628,94.626122,45.721092,116.422501,0.16,0.64
2020-05-14,273.256134,96.002037,46.18158,117.412186,0.16,0.63
2020-05-15,274.512268,96.049133,46.509815,118.819077,0.16,0.64
2020-05-18,282.87381,99.950661,47.619404,119.973709,0.18,0.73
2020-05-19,279.968353,98.282631,47.357311,119.420639,0.17,0.7
2020-05-20,284.724487,99.828163,48.229305,120.594666,0.16,0.68
2020-05-21,282.758759,99.196754,47.825157,119.478859,0.17,0.68
2020-05-22,283.295746,99.196754,48.030903,120.041611,0.17,0.66
2020-05-26,286.786072,101.66581,48.172974,119.139267,0.18,0.69
2020-05-27,291.053223,104.012413,48.579578,120.0028,0.19,0.68
2020-05-28,290.516235,103.59774,48.616322,120.2939,0.17,0.7
2020-05-29,291.810791,103.59774,48.942093,122.176208,0.16,0.65
2020-06-01,292.990143,103.918152,49.199295,122.835991,0.14,0.66
2020-06-02,295.416107,104.935944,49.547104,122.962128,0.17,0.68
2020-06-03,299.347656,107.018639,49.992905,122.806885,0.19,0.77
2020-06-04,298.56131,107.452141,49.586292,121.419395,0.19,0.82
2020-06-05,306.213318,110.68457,50.725285,122.816589,0.22,0.91
2020-06-08,309.914673,112.776688,51.092697,123.796539,0.22,0.88
2020-06-09,307.603729,110.609184,51.149033,124.271996,0.2,0.84
2020-06-10,305.887299,108.328575,51.418468,126.105789,0.17,0.75
2020-06-11,288.253204,101.270035,48.682457,120.245369,0.19,0.66
2020-06-12,291.7052,102.900375,49.179688,120.730492,0.19,0.71
2020-06-15,294.428467,103.723106,49.648136,122.546074,0.19,0.71
2020-06-16,300.095612,105.647247,50.657204,124.803383,0.21,0.75
2020-06-17,298.849091,104.509819,50.654743,125.163391,0.19,0.74
2020-06-18,298.96405,104.49086,50.738224,125.182846,0.19,0.71
2020-06-19,297.255524,103.637787,50.546722,126.097435,0.19,0.7
2020-06-22,299.162506,103.543015,51.140862,127.206642,0.19,0.71
2020-06-23,300.539734,103.713631,51.433033,127.42067,0.18,0.72
2020-06-24,292.873383,100.813202,50.254555,124.988243,0.19,0.69
2020-06-25,296.013123,101.903229,50.738224,126.48661,0.17,0.68
2020-06-26,288.98233,99.732651,49.436985,124.005531,0.17,0.64
2020-06-29,293.229675,101.391411,50.107243,124.871475,0.16,0.64
2020-06-30,296.98584,102.566727,50.942001,127.459587,0.16,0.66
2020-07-01,299.066162,102.547783,51.484585,129.191467,0.17,0.69
2020-07-02,300.713074,103.002739,51.708008,130.183899,0.16,0.68
2020-07-06,305.355316,103.969551,52.736717,132.908234,0.16,0.69
2020-07-07,302.205872,102.642548,52.265331,132.450943,0.16,0.65
2020-07-08,304.517395,102.813179,52.903656,133.978531,0.16,0.67
2020-07-09,302.783783,101.201836,52.974861,134.883377,0.16,0.62
2020-07-10,305.875397,102.993263,53.267025,135.729889,0.16,0.65
2020-07-13,303.226807,103.192314,52.385624,132.927719,0.16,0.64
2020-07-14,307.156311,104.784706,53.041153,134.727692,0.14,0.63
2020-07-15,309.978241,106.187523,53.338234,135.009872,0.16,0.64
2020-07-16,308.957367,106.168556,53.028873,134.348251,0.16,0.62
2020-07-17,309.853027,106.509781,53.220379,135.146088,0.14,0.64
2020-07-20,312.357178,105.656708,54.192619,138.376358,0.16,0.62
2020-07-21,313.021637,107.002663,53.959389,136.965546,0.14,0.61
2020-07-22,314.803467,107.495544,54.254002,137.597977,0.14,0.6
2020-07-23,311.047272,107.457634,53.188457,134.844452,0.16,0.59
2020-07-24,309.044067,106.680405,52.881573,133.326614,0.14,0.59
2020-07-27,311.297729,106.727783,53.519917,135.447708,0.15,0.62
2020-07-28,309.323364,106.661438,52.992046,134.192581,0.14,0.59
2020-07-29,313.127594,107.855736,53.677044,135.759079,0.12,0.58
2020-07-30,312.010437,106.670914,53.748238,135.759079,0.11,0.55
2020-07-31,314.475922,106.396034,54.573177,136.40123,0.11,0.55
2020-08-03,316.662262,106.670914,55.103485,138.103943,0.11,0.56
2020-08-04,317.885437,107.2491,55.226238,138.668274,0.11,0.52
2020-08-05,319.859802,107.827301,55.623974,138.872559,0.11,0.55
2020-08-06,321.997894,107.836761,56.232857,139.35907,0.11,0.55
2020-08-07,322.229095,109.116364,55.852306,138.201218,0.13,0.57
2020-08-10,323.19223,110.168488,55.771286,137.111496,0.14,0.59
2020-08-11,320.524323,109.884125,55.110847,134.348251,0.16,0.64
2020-08-12,324.993195,110.689781,56.161659,137.987183,0.16,0.69
2020-08-13,324.405731,109.836731,56.252495,138.707184,0.16,0.71
2020-08-14,324.415283,110.121086,56.198479,138.600128,0.14,0.71
2020-08-17,325.445862,109.836731,56.52993,141.120148,0.14,0.69
2020-08-18,326.149017,109.400734,56.88102,142.034744,0.14,0.67
2020-08-19,324.790955,108.964699,56.650234,141.324448,0.14,0.68
2020-08-20,325.802185,108.377037,57.138813,142.978516,0.13,0.65
2020-08-21,326.957947,108.367561,57.497261,143.698547,0.16,0.64
2020-08-24,330.271057,109.836731,57.963737,143.231506,0.14,0.65
2020-08-25,331.426788,109.722992,58.302551,144.175293,0.15,0.69
2020-08-26,334.749481,109.400734,59.402462,146.792572,0.16,0.69
2020-08-27,335.481506,110.215866,59.299347,146.627182,0.16,0.74
2020-08-28,337.648529,110.983612,59.665165,147.249863,0.14,0.74
2020-08-31,336.425354,110.149521,59.724079,149.332031,0.14,0.72
2020-09-01,339.593994,110.121086,60.549019,151.063919,0.13,0.68
2020-09-02,344.50589,112.054695,61.312569,152.153671,0.14,0.66
2020-09-03,332.649963,109.903076,58.597164,144.506104,0.13,0.63
2020-09-04,329.933899,109.91256,57.823803,142.49202,0.14,0.72
2020-09-08,320.91925,107.87468,55.901405,136.469315,0.14,0.69
2020-09-09,327.256531,109.125847,57.342583,140.692032,0.14,0.71
2020-09-10,321.574127,107.476593,56.245132,138.181763,0.14,0.68
2020-09-11,321.737885,108.130592,56.056091,137.705017,0.13,0.67
2020-09-14,325.975555,109.495499,56.799999,140.760162,0.14,0.68
2020-09-15,327.622498,109.28698,57.376949,143.007721,0.14,0.68
2020-09-16,326.322266,110.054733,56.714066,141.197968,0.14,0.69
2020-09-17,323.452179,109.495499,56.083088,139.709335,0.13,0.69
2020-09-18,319.728363,108.623474,55.329357,139.154739,0.14,0.7
2020-09-21,316.170013,106.234909,55.0863,139.650955,0.14,0.68
2020-09-22,319.389984,106.282303,55.992252,140.750412,0.13,0.68
2020-09-23,311.983002,104.322426,54.509712,136.851089,0.14,0.68
2020-09-24,312.814545,104.436974,54.716438,137.065521,0.14,0.67
2020-09-25,317.871857,105.649361,55.799305,140.340103,0.12,0.66
2020-09-28,323.151459,107.30088,56.724655,142.328247,0.14,0.67
2020-09-29,321.391602,106.47036,56.517925,142.240524,0.11,0.66
2020-09-30,323.8284,107.34861,56.869858,143.653702,0.13,0.69
2020-10-01,325.907318,107.463181,57.438362,145.456665,0.14,0.68
2020-10-02,322.813049,107.692291,56.478554,142.094376,0.13,0.7
2020-10-05,328.537506,109.381989,57.573723,145.271515,0.14,0.78
2020-10-06,323.867004,108.331902,56.621288,143.020218,0.14,0.76
2020-10-07,329.504486,110.088409,57.64016,145.632111,0.16,0.81
2020-10-08,332.424744,111.472641,57.97979,146.207108,0.13,0.78
2020-10-09,335.393372,111.654015,58.750099,148.019852,0.16,0.79
2020-10-13,338.564941,111.310349,59.803425,150.963074,0.16,0.74
2020-10-14,336.437592,110.75666,59.399811,149.969009,0.14,0.73
2020-10-15,336.02182,111.052597,59.153709,148.984665,0.14,0.74
2020-10-16,335.818756,111.367638,58.969128,148.66304,0.14,0.76
2020-10-19,330.713226,109.868851,58.021629,146.460495,0.16,0.78
2020-10-20,332.037842,110.279335,58.257893,146.168137,0.14,0.81
2020-10-21,331.409393,109.916588,58.179134,145.368973,0.14,0.83
2020-10-22,333.227295,111.396271,58.238197,145.232513,0.16,0.87
2020-10-23,334.358673,111.606293,58.474464,145.61261,0.18,0.85
2020-10-26,328.179688,109.43927,57.440815,143.985077,0.16,0.81
2020-10-27,327.04834,108.045494,57.588486,144.209213,0.16,0.79
2020-10-28,315.870178,104.942947,55.452297,139.375259,0.16,0.79
2020-10-29,319.080536,105.439346,56.180767,140.125702,0.16,0.85
2020-10-30,315.754211,105.382072,55.294785,137.640533,0.14,0.88
2020-11-02,319.293304,107.453636,55.590111,138.732056,0.16,0.87
2020-11-03,324.930725,109.324707,56.574532,141.236755,0.17,0.9
2020-11-04,332.192657,109.677925,58.563061,147.581268,0.14,0.78
2020-11-05,338.671326,111.281708,59.892025,150.300339,0.14,0.79
2020-11-06,338.593964,110.88076,59.990463,150.271133,0.16,0.83
2020-11-09,342.848633,115.482117,59.61639,145.914719,0.17,0.96
2020-11-10,342.345825,116.990425,59.006039,144.102036,0.19,0.98
2020-11-12,341.543243,115.138443,59.360435,146.635925,0.17,0.88
2020-11-13,346.271729,117.381813,60.000305,147.31813,0.17,0.89
2020-11-16,350.594086,119.35791,60.502357,147.552032,0.19,0.91
2020-11-17,348.708466,118.737404,60.246414,147.600769,0.18,0.87
2020-11-18,344.511841,117.238625,59.527782,146.899063,0.16,0.88
2020-11-19,345.96228,117.410461,59.901863,148.088043,0.18,0.86
2020-11-20,343.593201,116.885406,59.419506,147.376602,0.16,0.83
2020-11-23,345.652832,118.451019,59.429344,147.46434,0.16,0.86
2020-11-24,351.222595,120.961693,60.187347,148.195236,0.16,0.88
2020-11-25,350.681152,120.226639,60.295631,149.832581,0.17,0.88
2020-11-27,351.657745,120.178909,60.600803,151.547836,0.16,0.84
2020-11-30,350.100922,118.985603,60.551582,152.269043,0.16,0.84
2020-12-01,353.930054,119.959343,61.289894,152.36647,0.17,0.92
2020-12-02,354.674652,120.73259,61.230831,151.625778,0.16,0.95
2020-12-03,354.578003,121.018974,61.142227,152.103363,0.16,0.92
2020-12-04,357.633636,122.364998,61.535999,152.892761,0.16,0.97
2020-12-07,356.898773,121.658585,61.575382,154.266907,0.14,0.94
2020-12-08,357.943054,122.231361,61.703354,154.958878,0.14,0.92
2020-12-09,354.732727,122.107277,60.866596,151.167755,0.16,0.95
2020-12-10,354.61673,121.811317,60.89613,152.746567,0.14,0.92
2020-12-11,354.200867,121.400818,60.876446,152.551651,0.11,0.9
2020-12-14,352.615051,120.095467,60.869537,153.518402,0.13,0.9
2020-12-15,357.382172,121.795601,61.678627,154.973404,0.11,0.92
2020-12-16,357.943054,121.382576,61.954906,155.686279,0.13,0.92
2020-12-17,359.944702,122.093369,62.31012,157.776016,0.13,0.94
2020-12-18,358.507477,121.372978,62.231174,158.108032,0.13,0.95
2020-12-21,357.225586,120.892715,62.004242,158.010391,0.13,0.95
2020-12-22,356.623566,119.932175,62.171978,159.02597,0.13,0.93
2020-12-23,356.944031,120.82547,61.866104,157.492828,0.13,0.96
2020-12-24,358.332703,121.142448,62.191715,157.942017,0.13,0.94
2020-12-28,361.411011,121.680359,62.931736,157.229172,0.13,0.94
2020-12-29,360.721558,121.459419,62.803471,156.770187,0.12,0.94
2020-12-30,361.236237,121.978104,62.734394,157.346344,0.12,0.93
2020-12-31,363.071564,122.967468,62.971203,157.502594,0.13,0.93
2021-01-04,358.128723,121.334557,62.033836,156.311249,0.11,0.93
2021-01-05,360.595276,122.189423,62.477856,157.727203,0.13,0.96
2021-01-06,362.751099,124.984589,61.856236,156.506531,0.14,1.04
2021-01-07,368.140686,125.964325,63.247475,161.350067,0.14,1.08
2021-01-08,370.238251,126.041168,63.888836,164.016006,0.14,1.13
2021-01-11,367.742554,126.089203,63.060009,162.004349,0.14,1.15
2021-01-12,367.820221,126.598289,62.833069,162.961349,0.14,1.15
2021-01-13,368.81076,126.531036,63.148811,163.52771,0.14,1.1
2021-01-14,367.519165,126.963287,62.566662,162.570709,0.16,1.15
2021-01-15,364.838989,125.801033,62.20158,160.783676,0.13,1.11
2021-01-19,367.703705,126.233253,62.971203,162.609787,0.14,1.1
2021-01-20,372.792236,126.771164,64.36245,165.890915,0.13,1.1
2021-01-21,373.132111,126.098808,64.767006,166.564697,0.13,1.12
2021-01-22,371.811401,125.138275,64.757133,166.623291,0.13,1.1
2021-01-25,373.277771,125.071045,65.270218,167.140839,0.13,1.05
2021-01-26,372.695099,124.581154,65.309685,165.344025,0.11,1.05
2021-01-27,363.586273,121.747574,63.61256,159.719269,0.12,1.04
2021-01-28,366.713135,123.217209,63.938179,162.365662,0.12,1.07
2021-01-29,359.371735,121.007973,62.665333,160.012253,0.11,1.11
2021-02-01,365.353638,122.054955,64.046722,163.957382,0.11,1.09
2021-02-02,370.519806,123.803116,64.934731,167.297073,0.11,1.12
2021-02-03,370.811188,124.312187,64.836067,166.808807,0.11,1.15
2021-02-04,375.025696,125.95472,65.437965,168.683716,0.11,1.15
2021-02-05,376.501801,126.569458,65.664902,170.021561,0.09,1.19
2021-02-08,379.220825,127.894997,65.980644,171.67186,0.11,1.19
2021-02-09,378.968353,127.818169,65.891846,171.574203,0.11,1.18
2021-02-10,378.803284,127.971825,65.753693,170.988297,0.11,1.15
2021-02-11,379.414978,127.885399,66.029976,172.580048,0.11,1.16
2021-02-12,381.289307,128.490524,66.355583,173.859268,0.11,1.2
2021-02-16,380.959045,128.759476,66.138512,173.410095,0.13,1.3
2021-02-17,381.046509,129.162888,65.970772,171.935516,0.11,1.29
2021-02-18,379.424744,128.634613,65.674751,170.72464,0.11,1.29
2021-02-19,378.75473,129.03801,65.250481,170.509827,0.11,1.34
2021-02-22,375.8414,129.883316,63.987499,164.426117,0.11,1.37
2021-02-23,376.297882,130.382782,63.878963,163.000381,0.11,1.37
2021-02-24,380.444397,132.313461,64.36245,164.123398,0.12,1.38
2021-02-25,371.277283,129.844879,62.487724,157.805313,0.17,1.54
2021-02-26,369.364227,128.144745,62.606125,159.074783,0.14,1.44
2021-03-01,378.317688,130.92067,64.253906,163.957382,0.13,1.45
2021-03-02,375.365631,130.594101,63.484287,160.988785,0.13,1.42
2021-03-03,370.393646,130.57489,61.885838,154.514435,0.14,1.47
2021-03-04,365.810089,129.239746,60.928734,150.256821,0.14,1.54
2021-03-05,372.539734,131.977264,61.925301,151.623993,0.14,1.56
2021-03-08,370.684967,133.523712,60.612991,146.477707,0.17,1.59
2021-03-09,375.977386,133.177902,62.477856,153.801575,0.17,1.55
2021-03-10,378.317688,134.954926,62.467995,153.479324,0.16,1.53
2021-03-11,382.153534,135.022156,63.652031,158.615829,0.14,1.54
2021-03-12,382.668213,136.270844,63.306683,157.180359,0.14,1.64
2021-03-15,384.950287,136.779938,63.829647,158.947861,0.14,1.62
2021-03-16,384.464691,135.867416,64.056564,158.31311,0.15,1.62
2021-03-17,385.775696,136.49176,64.155235,158.78183,0.13,1.63
2021-03-18,380.162781,135.723343,62.655464,153.430527,0.16,1.71
2021-03-19,379.459381,135.031754,62.833069,154.866013,0.16,1.74
2021-03-22,382.489349,135.022156,63.750694,157.053406,0.15,1.69
2021-03-23,379.478851,133.302795,63.573093,156.233139,0.15,1.63
2021-03-24,377.549805,133.427673,62.862671,152.366104,0.14,1.62
2021-03-25,379.673706,135.123703,62.820179,152.074921,0.14,1.63
2021-03-26,385.792145,137.29567,63.818264,154.781494,0.14,1.67
2021-03-29,385.59726,136.938492,63.887432,153.755554,0.14,1.73
2021-03-30,384.57431,137.006042,63.571217,153.960754,0.16,1.73
2021-03-31,386.133118,136.339996,64.342003,157.175385,0.16,1.74
2021-04-01,390.302979,137.247391,65.280807,159.666977,0.17,1.69
2021-04-05,395.90506,138.521606,66.575356,161.933823,0.17,1.73
2021-04-06,395.671265,138.425049,66.506187,162.920685,0.16,1.67
2021-04-07,396.12912,138.289932,66.743347,162.832733,0.16,1.68
2021-04-08,398.009552,138.241638,67.415321,165.392731,0.14,1.64
2021-04-09,400.903076,139.02356,67.978607,166.467545,0.16,1.67
2021-04-12,401.049255,139.042847,67.98848,167.239441,0.18,1.69
2021-04-13,402.237854,138.521606,68.611061,170.522476,0.16,1.64
2021-04-14,400.864136,139.081467,67.909439,167.991806,0.16,1.64
2021-04-15,405.17038,139.757187,68.996452,171.480026,0.16,1.56
2021-04-16,406.524658,140.548737,69.124924,170.962173,0.16,1.59
2021-04-19,404.527374,140.056427,68.670341,168.587799,0.16,1.61
2021-04-20,401.565643,138.849777,68.275063,167.004944,0.15,1.58
2021-04-21,405.365265,140.442566,68.779037,168.421722,0.15,1.57
2021-04-22,401.663025,139.351761,68.067543,167.288284,0.16,1.57
2021-04-23,406.017975,140.481155,68.966805,169.96553,0.16,1.58
2021-04-26,406.865601,140.413605,69.283028,171.587494,0.18,1.58
2021-04-27,406.777954,140.703171,69.085388,171.020782,0.17,1.63
2021-04-28,406.661041,140.876953,68.956924,170.356354,0.17,1.63
2021-04-29,409.252594,142.180084,69.253395,169.613754,0.16,1.65
2021-04-30,406.563599,141.311325,68.739525,168.265381,0.16,1.65
2021-05-03,407.440491,142.373169,68.561646,167.112381,0.16,1.63
2021-05-04,404.926819,142.614502,67.652496,163.848938,0.16,1.61
2021-05-05,405.053467,142.990967,67.524033,162.959763,0.16,1.59
2021-05-06,408.288055,144.265167,68.008247,163.213806,0.16,1.58
2021-05-07,411.259644,145.413864,68.47271,164.855316,0.14,1.6
2021-05-10,407.187134,145.384933,67.138641,160.663589,0.16,1.63
2021-05-11,403.55307,143.415695,66.852051,160.995804,0.16,1.64
2021-05-12,394.979523,140.925201,65.181992,156.032166,0.16,1.69
2021-05-13,399.724243,142.846176,65.873734,156.491409,0.16,1.66
2021-05-14,405.862122,144.62236,67.089218,160.165283,0.16,1.63
2021-05-17,404.829407,144.525818,66.743347,159.139313,0.16,1.64
2021-05-18,401.341492,143.290207,66.209717,158.347885,0.16,1.64
2021-05-19,400.289276,142.382813,66.239365,158.386993,0.16,1.68
2021-05-20,404.595612,143.126099,67.286865,161.914291,0.15,1.63
2021-05-21,404.264343,143.637711,66.980515,161.27916,0.17,1.63
2021-05-24,408.385468,144.371353,67.958839,164.054123,0.15,1.61
2021-05-25,407.479431,143.560516,68.047791,164.337463,0.15,1.56
2021-05-26,408.288055,143.859756,68.166374,165.558838,0.14,1.58
2021-05-27,408.502411,144.525818,67.939079,166.487076,0.14,1.61
2021-05-28,409.233124,144.66095,68.126839,166.487076,0.14,1.58
2021-06-01,408.87265,145.124298,67.79084,167.669342,0.16,1.62
2021-06-02,409.515656,145.442841,67.889656,167.219879,0.13,1.59
2021-06-03,407.995789,145.462158,67.375809,166.135315,0.16,1.63
2021-06-04,411.727264,146.002731,68.31459,167.786621,0.14,1.56
2021-06-07,411.327789,145.606949,68.413422,167.854996,0.16,1.57
2021-06-08,411.415497,145.413864,68.492462,167.757309,0.14,1.53
2021-06-09,410.801697,144.950546,68.51223,166.379593,0.16,1.5
2021-06-10,412.711243,144.86528,69.159309,166.229004,0.14,1.45
2021-06-11,413.39325,145.107468,69.287926,167.050369,0.16,1.47
2021-06-14,414.318817,144.439056,69.901367,166.375671,0.16,1.51
2021-06-15,413.558868,144.594025,69.594643,165.534714,0.16,1.51
2021-06-16,411.249847,143.615616,69.287926,165.124069,0.21,1.57
2021-06-17,411.113495,141.765335,70.020088,163.549774,0.23,1.52
2021-06-18,405.567352,139.110977,69.456123,161.291,0.26,1.45
2021-06-21,411.373444,141.823441,70.119041,163.901794,0.27,1.5
2021-06-22,413.572723,141.920334,70.742348,165.045853,0.25,1.48
2021-06-23,413.074249,141.581253,70.752251,166.277908,0.26,1.5
2021-06-24,415.517914,142.579056,71.108429,168.360641,0.26,1.49
2021-06-25,416.993866,143.586563,71.12822,168.732224,0.28,1.54
2021-06-28,417.834473,142.714706,71.791115,169.005981,0.25,1.49
2021-06-29,418.059326,142.307816,72.038467,169.221115,0.27,1.49
2021-06-30,418.411194,143.024673,71.959328,169.582901,0.25,1.45
2021-07-01,420.727783,143.877182,72.21656,169.876251,0.25,1.48
2021-07-02,423.943604,144.216232,73.107025,170.062057,0.24,1.44
2021-07-06,423.171356,142.811569,73.492897,168.243317,0.22,1.37
2021-07-07,424.666901,143.044052,73.868874,167.578415,0.22,1.33
2021-07-08,421.206696,141.687805,73.344482,165.612976,0.19,1.3
2021-07-09,425.702972,143.857803,73.819389,169.015778,0.23,1.37
2021-07-12,427.227844,144.44873,74.046959,170.844315,0.23,1.38
2021-07-13,425.771423,143.450943,74.027161,169.084244,0.26,1.42
2021-07-14,426.40683,143.402496,74.264626,167.852203,0.23,1.37
2021-07-15,424.950409,143.324997,73.849075,167.461044,0.23,1.31
2021-07-16,421.617249,142.055939,73.334595,165.59343,0.25,1.31
2021-07-19,415.390839,139.256287,72.513382,163.315125,0.21,1.19
2021-07-20,421.343506,141.639404,73.433533,167.089493,0.2,1.23
2021-07-21,424.754883,143.140945,73.878761,169.954483,0.22,1.3
2021-07-22,425.644348,142.45314,74.4823,169.387344,0.2,1.27
2021-07-23,430.023407,143.27655,75.521172,170.981201,0.22,1.3
2021-07-26,431.079041,143.886871,75.570641,171.655914,0.22,1.29
2021-07-27,429.11438,143.964355,74.907738,169.91539,0.2,1.25
2021-07-28,428.938385,143.664078,74.967094,171.08876,0.2,1.26
2021-07-29,430.717377,144.719971,75.135307,172.164352,0.2,1.28
2021-07-30,428.625641,144.158112,74.680183,171.147415,0.19,1.24
2021-08-02,427.726288,143.664078,74.561455,171.010529,0.17,1.2
2021-08-03,431.206116,144.962173,75.125404,172.985733,0.17,1.19
2021-08-04,429.085052,143.42189,75.164986,172.65329,0.17,1.19
2021-08-05,431.802399,144.351852,75.580536,174.755569,0.21,1.23
2021-08-06,432.515869,145.398087,75.412331,175.713837,0.21,1.31
2021-08-09,432.164032,145.136551,75.352982,177.219696,0.23,1.33
2021-08-10,432.70163,146.144043,75.066055,177.806351,0.24,1.36
2021-08-11,433.776855,147.044937,75.016579,177.67926,0.23,1.35
2021-08-12,435.076843,147.054642,75.442017,177.97261,0.23,1.36
2021-08-13,435.868652,146.977142,75.719048,177.121902,0.23,1.29
2021-08-16,436.894928,147.093384,76.025764,175.69426,0.21,1.26
2021-08-17,434.030945,146.415283,75.402443,173.533325,0.23,1.26
2021-08-18,429.280487,144.778122,74.620811,172.232819,0.23,1.27
2021-08-19,429.94519,144.18718,75.075935,170.541199,0.22,1.24
2021-08-20,433.366272,144.894363,75.847672,171.78299,0.23,1.26
2021-08-23,437.178406,145.824356,76.668869,175.097824,0.23,1.25
2021-08-24,437.872406,146.231201,76.698547,176.476517,0.24,1.29
2021-08-25,438.791199,146.87059,76.767815,177.923737,0.23,1.35
2021-08-26,436.200958,145.814667,76.342384,176.838318,0.25,1.34
2021-08-27,440.100983,147.103073,77.054741,179.282852,0.22,1.31
2021-08-30,442.036377,146.579956,77.915527,178.754852,0.2,1.29
2021-08-31,441.381439,146.521835,77.757217,178.197495,0.2,1.3
2021-09-01,441.616058,146.308716,77.955116,178.001923,0.2,1.31
2021-09-02,442.974762,147.248413,77.925415,178.813507,0.2,1.29
2021-09-03,442.867157,146.686508,78.143097,179.038422,0.21,1.33
2021-09-07,441.283691,145.553101,78.162888,179.067764,0.22,1.38
2021-09-08,440.746124,145.504669,77.984779,177.473907,0.22,1.35
2021-09-09,438.859619,145.0784,77.529663,178.158371,0.23,1.3
2021-09-10,435.399414,144.04187,76.906334,176.97522,0.23,1.35
2021-09-13,436.513733,144.981537,76.807388,177.376099,0.21,1.33
2021-09-14,434.158081,143.615616,76.698547,176.026749,0.21,1.28
2021-09-15,437.784454,144.923416,77.232834,178.38327,0.21,1.31
2021-09-16,437.090393,144.497192,77.272415,178.402832,0.23,1.34
2021-09-17,432.832733,143.528427,76.372063,177.014313,0.23,1.37
2021-09-20,425.61554,141.339066,74.947311,172.301254,0.23,1.31
2021-09-21,425.213531,140.825638,75.056152,172.311035,0.22,1.33
2021-09-22,429.361389,142.375641,75.709152,175.215149,0.25,1.32
2021-09-23,434.578156,144.506851,76.411636,178.823288,0.27,1.41
2021-09-24,435.294006,144.713409,76.553329,179.179871,0.29,1.47
2021-09-27,434.048645,145.434402,75.849823,179.640274,0.31,1.48
2021-09-28,425.301758,143.690399,73.838387,175.232056,0.31,1.54
2021-09-29,426.017639,144.060623,73.828476,173.909576,0.3,1.55
2021-09-30,420.810669,141.683334,73.233978,172.018951,0.28,1.52
2021-10-01,425.811646,143.622192,74.016731,173.762665,0.27,1.48
2021-10-04,420.320374,142.949921,72.510643,171.392029,0.27,1.49
2021-10-05,424.693817,143.972946,73.442055,173.792053,0.28,1.54
2021-10-06,426.458862,144.148315,73.917648,173.664688,0.3,1.53
2021-10-07,430.145874,145.32724,74.611252,175.663101,0.32,1.58
2021-10-08,429.361389,145.32724,74.323914,175.35939,0.32,1.61
2021-10-12,425.203705,143.856018,73.679848,174.095718,0.35,1.59
2021-10-13,426.733429,143.826797,74.165367,174.850021,0.37,1.56
2021-10-14,433.911346,145.999496,75.503029,178.161087,0.36,1.52
2021-10-15,437.215942,147.051727,76.087624,180.188873,0.41,1.59
2021-10-18,438.510315,146.652298,76.79113,181.550522,0.44,1.59
2021-10-19,441.893341,147.743484,77.346008,182.432175,0.41,1.65
2021-10-20,443.629028,149.029587,77.296471,182.657501,0.4,1.65
2021-10-21,444.786072,148.854218,77.831535,183.068909,0.45,1.68
2021-10-22,444.325226,149.214706,77.474823,182.99054,0.48,1.66
2021-10-25,446.708038,149.58493,78.108963,186.027313,0.47,1.64
2021-10-26,447.110107,149.506973,78.297226,185.743225,0.47,1.63
2021-10-27,445.129303,147.383011,78.515213,183.470551,0.5,1.54
2021-10-28,449.424316,148.493713,79.416893,186.458359,0.5,1.57
2021-10-29,450.336212,148.123474,79.902412,186.791397,0.48,1.55
2021-11-01,451.110931,148.932144,79.852859,188.711456,0.5,1.58
2021-11-02,452.934784,149.341354,80.209579,188.682083,0.46,1.56
2021-11-03,455.700104,150.101303,80.774353,189.798813,0.47,1.6
2021-11-04,457.847595,149.468018,81.785027,189.08371,0.41,1.53
2021-11-05,459.436096,150.57872,81.765213,188.838791,0.39,1.45
2021-11-08,459.828339,150.763855,81.804848,189.357986,0.45,1.51
2021-11-09,458.308441,150.617706,81.368874,186.487732,0.41,1.46
2021-11-10,454.62146,150.227982,80.338387,184.53833,0.51,1.56
2021-11-12,458.200562,150.3936,81.438232,185.880386,0.53,1.58
2021-11-15,458.357483,150.57872,81.418411,185.312195,0.53,1.63
2021-11-16,460.1716,150.266937,82.092194,186.272232,0.54,1.63
2021-11-17,459.05368,149.614151,82.032745,184.851791,0.52,1.6
2021-11-18,460.612854,149.058823,82.805618,184.802826,0.52,1.59
2021-11-19,459.789185,147.665558,83.182137,183.588104,0.52,1.54
2021-11-22,458.494751,148.522949,82.359734,184.058304,0.63,1.63
2021-11-23,459.102722,149.682373,82.052567,184.097519,0.6,1.67
2021-11-24,460.328491,149.682373,82.389458,184.939972,0.64,1.64
2021-11-26,450.061707,146.106659,80.705002,181.276245,0.5,1.48
2021-11-29,455.582458,146.778931,82.260643,184.058304,0.51,1.52
2021-11-30,446.717865,143.310425,80.972534,179.414948,0.52,1.43
2021-12-01,441.756073,142.053558,79.842957,175.574905,0.56,1.43
2021-12-02,448.522125,145.239548,80.605911,178.513718,0.63,1.44
2021-12-03,444.619415,144.995987,79.436707,174.644302,0.6,1.35
2021-12-06,449.885223,147.041992,80.17984,174.154495,0.65,1.43
2021-12-07,459.19101,148.873688,82.389458,180.041916,0.7,1.48
2021-12-08,460.406921,148.863922,82.835335,180.208481,0.68,1.52
2021-12-09,457.298431,148.435272,82.022827,177.240234,0.7,1.49
2021-12-10,461.60321,149.506973,82.874977,179.121109,0.67,1.48
2021-12-13,457.514191,148.783386,81.9356,176.307678,0.66,1.42
2021-12-14,454.366455,148.528809,81.032921,174.196396,0.67,1.44
2021-12-15,461.465942,149.850693,82.719231,178.026169,0.69,1.47
2021-12-16,457.396515,150.771088,80.973389,175.207855,0.64,1.44
2021-12-17,452.528473,148.705048,80.447655,173.283142,0.66,1.41
2021-12-20,447.716553,147.15799,79.445778,170.435333,0.65,1.43
2021-12-21,455.667542,149.439423,81.072594,174.343674,0.7,1.48
2021-12-22,460.223633,150.34024,82.124062,176.415695,0.68,1.46
2021-12-23,463.087189,151.192123,82.729149,177.93779,0.71,1.5
2021-12-27,469.640869,152.748978,84.127808,181.129288,0.76,1.48
2021-12-28,469.25708,153.22879,83.820305,179.656296,0.74,1.49
2021-12-29,469.857391,153.532333,83.780624,179.823227,0.75,1.55
2021-12-30,468.558441,153.473572,83.48304,179.07692,0.73,1.52
2021-12-31,467.377563,153.365875,82.996986,178.546631,0.73,1.52
2022-01-03,470.08371,154.090439,83.641754,178.929611,0.78,1.63
2022-01-04,469.926239,155.627731,82.808517,178.310959,0.77,1.66
2022-01-05,460.902649,154.609375,80.28894,172.330612,0.83,1.71
2022-01-06,460.469635,154.697525,80.060791,172.939438,0.88,1.73
2022-01-07,458.649231,155.10878,79.287071,171.348602,0.87,1.76
2022-01-10,458.078461,154.531067,79.346581,171.947617,0.92,1.78
2022-01-11,462.250732,155.61792,80.209595,173.882156,0.9,1.75
2022-01-12,463.500488,155.745224,80.596451,174.589188,0.92,1.74
2022-01-13,457.114105,155.461258,78.582787,169.718491,0.91,1.7
2022-01-14,457.301086,155.236053,78.80101,169.05072,0.99,1.78
2022-01-18,449.202423,153.27774,76.975807,164.661194,1.06,1.87
2022-01-19,444.538116,151.965668,76.033447,162.785599,1.04,1.83
2022-01-20,439.61792,150.634003,75.041489,160.988541,1.08,1.83
2022-01-21,430.987915,148.607147,73.117096,157.10965,1.01,1.75
2022-01-24,432.818237,148.91069,73.593239,157.944336,0.99,1.75
2022-01-25,427.533997,148.323181,72.085464,155.459885,1.02,1.78
2022-01-26,426.461395,147.422363,72.16481,155.626816,1.13,1.85
2022-01-27,424.35553,147.069855,71.589485,153.692307,1.18,1.81
2022-01-28,434.894592,149.312134,74.019775,157.708664,1.15,1.78
2022-01-31,442.727478,150.820053,76.023529,162.422241,1.18,1.79
2022-02-01,445.718964,151.84816,76.440147,164.297867,1.18,1.81
2022-02-02,450.048737,152.876282,77.422195,165.584274,1.16,1.78
2022-02-03,439.470337,151.417343,74.555443,161.705399,1.19,1.82
2022-02-04,441.536835,151.035461,75.487869,163.80687,1.31,1.93
2022-02-07,440.119812,151.221512,74.8927,163.404251,1.3,1.92
2022-02-08,443.741058,152.230042,75.587074,164.513901,1.35,1.96
2022-02-09,450.235687,153.933792,76.985733,168.520447,1.36,1.94
2022-02-10,442.146912,151.84816,75.269646,165.368225,1.61,2.03
2022-02-11,433.428345,150.29129,73.107178,160.585922,1.5,1.92
2022-02-14,432.011322,149.302353,73.09726,159.358414,1.58,1.98
2022-02-15,438.978333,150.888596,74.634781,163.090012,1.58,2.05
2022-02-16,439.470337,151.231293,74.664543,163.217667,1.52,2.03
2022-02-17,430.082672,149.126114,72.571526,157.679214,1.49,1.97
2022-02-18,427.297852,148.538605,71.827553,155.852692,1.47,1.92
2022-02-22,422.712219,147.383209,70.905037,153.977097,1.56,1.94
2022-02-23,415.213837,145.552155,69.248459,150.608826,1.58,1.99
2022-02-24,421.462494,145.591339,71.371254,154.870697,1.54,1.96
2022-02-25,430.761597,149.498169,72.541763,157.905075,1.55,1.97
2022-02-28,429.659515,148.67569,72.660797,158.072006,1.44,1.83
2022-03-01,423.115662,146.404037,71.500214,155.597366,1.31,1.72
2022-03-02,430.899353,149.194641,72.79966,159.044189,1.5,1.86
2022-03-03,428.754181,149.400269,72.006111,156.736511,1.53,1.86
2022-03-04,425.270691,148.920486,71.083588,154.242218,1.5,1.74
2022-03-07,412.73407,145.650085,68.395386,148.124374,1.55,1.78
2022-03-08,409.604858,144.386978,68.008522,147.36824,1.63,1.86
2022-03-09,420.58667,146.629242,70.547935,153.279846,1.68,1.94
2022-03-10,418.6875,146.453003,70.022186,152.533554,1.72,1.98
2022-03-11,413.363892,145.317154,68.762405,149.587555,1.75,2
2022-03-14,410.342865,145.287796,67.78038,147.869049,1.87,2.14
2022-03-15,419.366486,147.197159,69.843651,151.64975,1.85,2.15
2022-03-16,428.665619,149.204422,71.976341,156.932892,1.95,2.19
2022-03-17,434.028625,150.917953,72.938545,159.721756,1.94,2.2
2022-03-18,438.78244,151.427124,74.357048,162.834702,1.97,2.14
2022-03-21,438.654144,151.71109,74.21817,162.628464,2.14,2.32
2022-03-22,443.787018,152.592316,75.46804,165.584274,2.18,2.38
2022-03-23,438.071716,150.966919,74.347122,162.82486,2.13,2.32
2022-03-24,444.675354,152.606705,75.774986,165.597473,2.13,2.34
2022-03-25,446.847015,154.003494,75.774986,165.538406,2.3,2.48
2022-03-28,450.025421,154.062531,76.838181,167.634827,2.35,2.46
2022-03-29,455.592651,155.538025,77.980873,170.016663,2.35,2.41
2022-03-30,452.779419,155.272461,77.215759,168.028519,2.31,2.35
2022-03-31,445.810577,153.177231,75.894211,165.617142,2.28,2.32
2022-04-01,447.074005,153.826447,75.963768,165.882889,2.44,2.39
2022-04-04,450.903931,153.639557,77.305191,167.713562,2.43,2.42
2022-04-05,445.208435,152.675568,75.904152,164.062042,2.51,2.54
2022-04-06,440.756622,152.901794,74.304398,161.227448,2.5,2.61
2022-04-07,442.9776,153.531357,74.721725,162.497131,2.47,2.66
2022-04-08,441.793091,154.318298,73.996368,161.690048,2.53,2.72
2022-04-11,434.241821,152.93132,72.078636,158.255051,2.5,2.79
2022-04-12,432.632874,152.587021,71.740799,157.418472,2.39,2.72
2022-04-13,437.588074,153.678894,72.843742,159.60347,2.37,2.7
2022-04-14,432.139313,153.098526,71.303604,156.631073,2.47,2.83
2022-04-18,432.316986,152.862457,71.442711,156.759033,2.46,2.85
2022-04-19,439.295715,154.849472,72.823875,159.731415,2.61,2.93
2022-04-20,438.969971,155.931503,72.197876,159.347549,2.6,2.85
2022-04-21,432.405823,154.259262,70.856461,155.676361,2.68,2.9
2022-04-22,420.540985,150.245895,68.779755,150.824097,2.72,2.9
2022-04-25,422.979095,150.373764,69.505112,151.955963,2.63,2.81
2022-04-26,410.729279,147.403091,66.911705,146.286789,2.54,2.77
2022-04-27,411.884155,147.776886,67.050827,146.227737,2.58,2.82
2022-04-28,422.288116,150.05899,69.415688,150.194199,2.63,2.85
2022-04-29,406.682159,145.563614,66.355278,144.613571,2.7,2.89
2022-05-02,409.130188,145.534103,67.219742,146.542679,2.73,2.99
2022-05-03,411.005646,146.419403,67.438339,147.674545,2.78,2.97
2022-05-04,423.522003,150.334427,69.644226,152.526825,2.66,2.93
2022-05-05,408.468811,146.842392,66.335403,145.981674,2.71,3.05
2022-05-06,406.030701,146.35054,65.778961,144.337982,2.72,3.12
2022-05-09,393.030731,142.701141,63.175629,137.428665,2.61,3.05
2022-05-10,393.938843,142.140442,63.761871,138.255417,2.62,2.99
2022-05-11,387.680664,141.383026,61.943516,134.948395,2.66,2.91
2022-05-12,387.27597,141.589584,61.734848,135.105881,2.56,2.84
2022-05-13,396.534882,143.792999,63.761871,140.115631,2.61,2.93
2022-05-16,394.925903,144.019257,63.155758,138.314484,2.58,2.88
2022-05-17,403.049713,146.340729,64.755508,141.611664,2.71,2.98
2022-05-18,386.802124,141.501053,61.645424,135.076355,2.68,2.89
2022-05-19,384.433105,140.556732,61.327457,135.164917,2.63,2.84
2022-05-20,384.600952,140.723953,61.238033,134.879486,2.6,2.78
2022-05-23,391.796844,143.222488,62.450268,137.910934,2.65,2.86
2022-05-24,388.805969,143.606125,61.31752,135.519257,2.5,2.76
2022-05-25,392.241028,144.579941,62.003132,137.635345,2.48,2.75
2022-05-26,400.078522,146.635818,63.602898,141.798676,2.46,2.75
2022-05-27,409.900116,149.183533,65.719337,145.607666,2.47,2.74
2022-05-31,407.600189,147.963776,65.480873,143.747452,2.53,2.85
2022-06-01,404.303284,146.793198,64.993988,143.343903,2.66,2.94
2022-06-02,412.002625,148.573639,66.683174,144.003357,2.65,2.92
2022-06-03,405.241028,147.167007,65.073479,143.383286,2.66,2.96
2022-06-06,406.474915,147.432602,65.371567,143.521088,2.73,3.04
2022-06-07,410.373901,148.967133,65.947891,145.83403,2.75,2.98
2022-06-08,405.912262,147.107971,65.361641,144.475769,2.78,3.03
2022-06-09,396.258484,143.934036,63.684677,141.301437,2.83,3.04
2022-06-10,384.768738,140.734375,61.316032,139.091141,3.06,3.15
2022-06-13,370.15976,135.964569,58.668724,134.295578,3.4,3.43
2022-06-14,369.044373,134.967163,58.748341,133.624573,3.45,3.49
2022-06-15,374.305542,135.865829,60.081944,133.733124,3.2,3.33
2022-06-16,361.917542,132.142792,57.852638,130.309128,3.14,3.28
2022-06-17,362.697723,131.609528,58.280586,128.523132,3.17,3.25
2022-06-21,371.828156,134.621521,59.833141,132.825333,3.21,3.31
2022-06-22,371.154053,134.275879,59.813232,132.085266,3.06,3.16
2022-06-23,374.792297,134.809143,60.798512,132.529297,3.01,3.09
2022-06-24,386.708405,138.522308,62.908394,135.282318,3.04,3.13
2022-06-27,385.231293,138.581558,62.490402,136.367737,3.08,3.2
2022-06-28,377.359894,137.001495,60.639275,135.380981,3.1,3.2
2022-06-29,377.052582,136.438583,60.788559,134.95668,3.06,3.1
2022-06-30,373.989288,135.747314,60.062042,134.561996,2.92,2.98
2022-07-01,377.944824,137.485382,60.519848,136.00264,2.84,2.88
2022-07-05,378.6586,136.171951,61.385696,133.940353,2.82,2.82
2022-07-06,379.937439,136.280579,61.773834,134.32518,2.97,2.93
2022-07-07,385.627808,137.633499,63.047726,135.667145,3.03,3.01
2022-07-08,385.310608,137.337265,63.107441,135.884232,3.12,3.09
2022-07-11,380.908997,136.527466,62.002739,135.31192,3.07,2.99
2022-07-12,377.53833,135.944824,61.146839,133.96994,3.03,2.96
2022-07-13,375.555634,135.105408,60.927895,133.545639,3.13,2.91
2022-07-14,374.643585,134.147491,61.05727,132.983215,3.15,2.96
2022-07-15,381.801208,136.645981,62.211735,135.094833,3.13,2.93
2022-07-18,378.648682,135.757187,61.62455,133.812073,3.15,2.96
2022-07-19,388.879486,138.946945,63.545341,136.209839,3.23,3.01
2022-07-20,391.357849,138.937073,64.371384,135.785553,3.25,3.04
2022-07-21,395.34314,139.440704,65.396469,135.884232,3.1,2.91
2022-07-22,391.675079,139.12471,64.361427,135.706604,2.98,2.77
2022-07-25,392.15094,139.954239,64.102676,137.413666,3,2.81
2022-07-26,387.511414,139.233337,62.928303,137.147247,3.02,2.81
2022-07-27,397.573669,141.119522,65.366608,138.696442,2.96,2.78
2022-07-28,402.560211,142.630463,66.322029,139.870667,2.85,2.68
2022-07-29,408.429016,143.766144,67.745201,141.518509,2.89,2.67
2022-08-01,407.219574,143.460007,67.476501,140.49231,2.9,2.6
2022-08-02,404.53299,142.373703,67.088356,139.722656,3.06,2.75
2022-08-03,410.867767,143.568634,68.640915,140.028549,3.1,2.73
2022-08-04,410.590179,142.827972,68.899673,138.410278,3.03,2.68
2022-08-05,409.89624,143.03537,68.551338,138.893784,3.24,2.83
2022-08-08,409.42038,143.282242,68.302536,139.416763,3.21,2.77
2022-08-09,407.794586,143.232864,67.755165,140.225891,3.28,2.8
2022-08-10,416.359894,145.316574,69.616234,141.400116,3.23,2.78
2022-08-11,416.359894,145.988113,69.29776,141.686264,3.23,2.87
2022-08-12,423.408447,148.032318,70.691086,143.699219,3.25,2.84
2022-08-15,425.153198,148.39772,71.089172,143.738678,3.2,2.79
2022-08-16,425.985962,149.079117,71.039413,144.103775,3.25,2.82
2022-08-17,422.962311,148.150818,70.501984,144.14325,3.28,2.89
2022-08-18,424.19162,148.614975,70.621414,145.120132,3.22,2.88
2022-08-19,418.491333,147.400284,69.347527,144.981979,3.25,2.98
2022-08-22,409.777283,144.84256,67.665588,143.521606,3.32,3.03
2022-08-23,408.785919,144.556183,67.436691,143.788025,3.29,3.05
2022-08-24,410.094513,145.069687,67.635727,144.449142,3.36,3.11
2022-08-25,415.884033,146.76825,68.750389,145.712173,3.35,3.03
2022-08-26,401.806763,142.77861,65.983658,142.574341,3.37,3.04
2022-08-29,399.149933,142.265076,65.286995,142.258575,3.42,3.12
2022-08-30,394.768127,140.665268,64.620193,140.028549,3.46,3.11
2022-08-31,391.764313,139.667831,64.082771,138.696442,3.45,3.15
2022-09-01,392.993622,140.151733,64.242004,139.239151,3.51,3.26
2022-09-02,388.849731,138.946945,63.435867,138.489227,3.4,3.2
2022-09-06,387.382538,138.522308,63.147251,138.143875,3.5,3.33
2022-09-07,394.341827,140.783768,64.391281,139.456238,3.45,3.27
2022-09-08,396.919403,141.712067,64.829185,140.294968,3.48,3.29
2022-09-09,403.085632,143.430389,66.073219,142.120438,3.56,3.33
2022-09-12,407.417847,144.694427,66.889313,143.294647,3.58,3.37
2022-09-13,389.702301,139.657974,63.425915,138.834579,3.75,3.42
2022-09-14,391.189362,139.964111,63.734436,139.920013,3.78,3.41
2022-09-15,386.748077,138.996323,62.729252,138.765518,3.87,3.45
2022-09-16,383.797607,137.959396,62.251545,137.956375,3.85,3.45
2022-09-19,386.773926,138.84819,62.779018,138.449753,3.95,3.49
2022-09-20,382.33432,137.08049,62.181877,137.512344,3.96,3.57
2022-09-21,375.664948,134.838776,61.067223,135.617813,4.02,3.51
2022-09-22,372.50943,133.791977,60.450184,135.884232,4.11,3.7
2022-09-23,366.268097,131.40213,59.514668,132.795731,4.2,3.69
2022-09-26,362.644714,129.635147,59.148479,131.202789,4.27,3.88
2022-09-27,361.718994,128.939102,59.148479,131.103363,4.3,3.97
2022-09-28,368.836304,131.514496,60.24604,133.927277,4.07,3.72
2022-09-29,361.131683,129.50589,58.699482,132.018158,4.16,3.76
2022-09-30,355.547302,127.795586,57.721653,130.437149,4.22,3.83
2022-10-03,364.934204,131.33551,59.078636,134.026703,4.12,3.67
2022-10-04,376.242279,135.203583,60.964443,137.317978,4.1,3.62
2022-10-05,375.366302,134.795898,60.894596,137.496948,4.15,3.76
2022-10-06,371.49411,133.125366,60.415661,136.582153,4.23,3.83
2022-10-07,361.131683,130.559906,58.240498,134.374725,4.3,3.89
2022-10-11,356.104767,129.545654,56.983295,133.847733,4.3,3.93
2022-10-12,354.930145,128.949036,56.883514,133.449997,4.28,3.91
2022-10-13,364.29715,132.469086,58.310345,137.099213,4.47,3.97
2022-10-14,355.99527,130.231766,56.604137,134.394623,4.48,4
2022-10-17,365.14328,132.707748,58.489944,136.263962,4.45,4.02
2022-10-18,369.433563,134.467758,59.088615,137.695816,4.43,4.01
2022-10-19,366.815582,133.592728,58.639614,137.844971,4.55,4.14
2022-10-20,363.739716,132.459152,58.200592,137.248367,4.62,4.24
2022-10-21,372.579132,135.48201,59.657352,140.718597,4.49,4.21
2022-10-24,377.138184,137.072998,60.375751,142.548187,4.5,4.25
2022-10-25,383.160522,138.773346,61.593044,143.453033,4.42,4.1
2022-10-26,380.273773,139.568848,60.305904,144.367813,4.39,4.04
2022-10-27,378.243103,140.105789,59.377968,144.417542,4.3,3.96
2022-10-28,387.24176,143.128662,60.924534,147.271286,4.41,4.02
2022-10-31,384.444611,142.52211,60.275974,146.80394,4.51,4.1
2022-11-01,382.762329,142.691147,59.647369,146.555359,4.54,4.07
2022-11-02,373.156464,140.1754,57.661789,144.069519,4.61,4.1
2022-11-03,369.314117,139.598679,56.604137,144.168961,4.71,4.14
2022-11-04,374.6297,141.487961,57.472206,144.964417,4.66,4.17
2022-11-07,378.213257,142.681198,58.070877,146.485764,4.72,4.22
2022-11-08,380.253876,143.536362,58.370213,147.430374,4.67,4.14
2022-11-09,372.419861,140.901291,57.003254,144.069519,4.61,4.12
2022-11-10,392.885864,146.380234,61.233845,147.877823,4.34,3.82
2022-11-14,393.313904,145.952652,61.603024,147.191742,4.4,3.88
2022-11-15,396.668488,146.797867,62.291492,147.748566,4.37,3.8
2022-11-16,393.642395,145.952652,61.682846,147.052521,4.35,3.67
2022-11-17,392.437897,145.67424,61.403469,147.639191,4.43,3.77
2022-11-18,394.219727,146.877426,61.473312,148.603699,4.51,3.82
2022-11-21,392.786316,147.046463,60.874641,148.613647,4.48,3.83
2022-11-22,398.072052,148.895981,61.752689,150.761398,4.47,3.76
2022-11-23,400.580536,149.383209,62.35136,150.681854,4.46,3.71
2022-11-25,400.490936,149.830658,62.141823,150.880737,4.42,3.68
2022-11-28,394.100281,147.613235,61.084179,149.100861,4.46,3.69
2022-11-29,393.423401,148.010986,60.655132,149.250015,4.48,3.75
2022-11-30,405.816467,150.934402,63.329185,151.894943,4.38,3.68
2022-12-01,405.517853,150.745499,63.418987,151.149185,4.25,3.53
2022-12-02,405.050018,150.765366,63.229404,151.795517,4.28,3.51
2022-12-05,397.763458,148.279465,62.022091,149.478714,4.41,3.6
2022-12-06,392.029785,146.738205,60.78484,147.728683,4.34,3.51
2022-12-07,391.362854,146.718323,60.555351,148.176132,4.26,3.42
2022-12-08,394.428772,147.454132,61.243824,148.375,4.31,3.48
2022-12-09,391.4823,146.330521,60.814777,145.829498,4.33,3.57
2022-12-12,397.126404,148.53801,61.613003,147.848007,4.39,3.61
2022-12-13,400.132599,149.089996,62.349998,147.490005,4.22,3.51
2022-12-14,397.574341,148.289993,61.919998,147.25,4.23,3.49
2022-12-15,387.848999,145.429993,59.990002,145.289993,4.23,3.44
2022-12-16,383.269989,144,59.200001,144.279999,4.17,3.48
2022-12-19,380.019989,142.820007,58.669998,144.029999,4.25,3.57
2022-12-20,380.540009,143.190002,58.650002,144.589996,4.25,3.69
2022-12-21,386.230011,145.330002,59.509998,146.660004,4.21,3.68
2022-12-22,380.720001,143.779999,58.470001,145.050003,4.24,3.67
2022-12-23,382.910004,144.669998,58.77,146.630005,4.31,3.75
2022-12-27,381.399994,144.669998,58.349998,146.889999,4.32,3.84
2022-12-28,376.660004,143.029999,57.580002,145.160004,4.31,3.88
2022-12-29,383.440002,145.589996,58.599998,145.949997,4.34,3.83
2022-12-30,382.429993,145.070007,58.5,145.929993,4.41,3.88
2023-01-03,380.820007,145.729996,57.77,143.600006,4.4,3.79
2023-01-04,383.76001,147.600006,57.93,143.470001,4.36,3.69
2023-01-05,379.380005,146.039993,57.25,143.369995,4.45,3.71
2023-01-06,388.079987,149.389999,58.549999,145.770004,4.24,3.55
2023-01-09,387.859985,149.350006,58.529999,143.820007,4.19,3.53
2023-01-10,390.579987,150.440002,58.889999,144.559998,4.24,3.61
2023-01-11,395.519989,152.149994,59.689999,145.220001,4.2,3.54
2023-01-12,396.959991,152.860001,59.889999,145.619995,4.12,3.43
2023-01-13,398.5,153.410004,60.139999,145.970001,4.22,3.49
2023-01-17,397.769989,152.619995,60.18,145.5,4.18,3.53
2023-01-18,391.48999,149.940002,59.369999,143.039993,4.06,3.37
2023-01-19,388.640015,148.440002,59.080002,142.880005,4.09,3.39
2023-01-20,395.880005,151.020004,60.220001,143.710007,4.14,3.48
2023-01-23,400.630005,152.779999,60.970001,144.009995,4.21,3.52
2023-01-24,400.200012,152.610001,60.93,144.460007,4.12,3.46
2023-01-25,400.350006,152.889999,60.849998,144.899994,4.11,3.46
2023-01-26,404.75,154.130005,61.650002,146.270004,4.17,3.49
2023-01-27,405.679993,154.460007,61.84,144.550003,4.19,3.52
2023-01-30,400.589996,152.979996,60.889999,143.369995,4.25,3.55
2023-01-31,406.480011,155.179993,61.779999,145.130005,4.21,3.52
2023-02-01,410.799988,156.699997,62.470001,144.009995,4.09,3.39
2023-02-02,416.779999,159.470001,63.220001,141.259995,4.09,3.4
2023-02-03,412.350006,157.240005,62.77,141.130005,4.3,3.53
2023-02-06,409.829987,156.199997,62.419998,141.339996,4.44,3.63
2023-02-07,415.190002,157.710007,63.43,142.990005,4.47,3.67
2023-02-08,410.649994,156.169998,62.68,142.25,4.45,3.63
2023-02-09,407.089996,154.460007,62.25,141.960007,4.48,3.67
2023-02-10,408.040009,154.839996,62.400002,144.720001,4.5,3.74
2023-02-13,412.829987,156.820007,63.049999,145.449997,4.52,3.72
2023-02-14,412.640015,156.449997,63.139999,144.970001,4.6,3.77
2023-02-15,413.980011,157.009995,63.32,144.070007,4.62,3.81
2023-02-16,408.279999,155.149994,62.330002,142.710007,4.62,3.86
2023-02-17,407.26001,154.979996,62.09,142.389999,4.6,3.82
2023-02-21,399.089996,151.720001,60.900002,141.279999,4.67,3.95
2023-02-22,398.540009,151.389999,60.860001,140.809998,4.66,3.93
2023-02-23,400.660004,151.770004,61.360001,141.399994,4.66,3.88
2023-02-24,396.380005,150.520004,60.560001,140.619995,4.78,3.95
2023-02-27,397.730011,150.75,60.830002,140.729996,4.78,3.92
2023-02-28,396.26001,150.479996,60.560001,139.270004,4.81,3.92
2023-03-01,394.73999,149.779999,60.34,140.009995,4.89,4.01
2023-03-02,397.809998,151,60.77,140.619995,4.89,4.08
2023-03-03,404.190002,153.389999,61.779999,142.009995,4.86,3.97
2023-03-06,404.470001,153.039993,62.009998,142.190002,4.89,3.98
2023-03-07,398.269989,150.559998,61.130001,140.259995,5,3.97
2023-03-08,398.920013,150.720001,61.23,139.429993,5.05,3.98
2023-03-09,391.559998,147.570007,60.27,137.440002,4.9,3.93
2023-03-10,385.910004,145.289993,59.419998,136.089996,4.6,3.7
2023-03-13,385.359985,144.210007,59.59,135.210007,4.03,3.55
2023-03-14,391.730011,146.589996,60.630001,136.440002,4.2,3.64
2023-03-15,389.279999,145.320007,60.369999,134.110001,3.93,3.51
2023-03-16,396.109985,147.699997,61.490002,135.380005,4.14,3.56
2023-03-17,389.98999,145.350006,61.049999,133.169998,3.81,3.39
2023-03-20,393.73999,146.639999,61.610001,135.5,3.92,3.47
2023-03-21,398.910004,148.429993,62.490002,137.259995,4.17,3.59
2023-03-22,392.109985,145.460007,61.619999,135.020004,3.96,3.48
2023-03-23,393.170013,144.690002,61.75,133.330002,3.76,3.38
2023-03-24,395.75,145.869995,62.060001,134.75,3.76,3.38
2023-03-27,396.48999,146.630005,61.98,136.050003,3.94,3.53
