Index,SPY.Adjusted
2007-01-03,103.00695
2007-01-04,103.225517
2007-01-05,102.402176
2007-01-08,102.875771
2007-01-09,102.788345
2007-01-10,103.130829
2007-01-11,103.58255
2007-01-12,104.369545
2007-01-16,104.165482
2007-01-17,104.209206
2007-01-18,103.859444
2007-01-19,104.063522
2007-01-22,103.742867
2007-01-23,104.048927
2007-01-24,104.886803
2007-01-25,103.655449
2007-01-26,103.560692
2007-01-29,103.502441
2007-01-30,104.041565
2007-01-31,104.741112
2007-02-01,105.367722
2007-02-02,105.513474
2007-02-05,105.542595
2007-02-06,105.571762
2007-02-07,105.804909
2007-02-08,105.666481
2007-02-09,104.879524
2007-02-12,104.522476
2007-02-13,105.404167
2007-02-14,106.096336
2007-02-15,106.234818
2007-02-16,106.183769
2007-02-20,106.409698
2007-02-21,106.365974
2007-02-22,106.285789
2007-02-23,105.870453
2007-02-26,105.775749
2007-02-27,101.644432
2007-02-28,102.686348
2007-03-01,102.380341
2007-03-02,101.039642
2007-03-05,100.077812
2007-03-06,101.790108
2007-03-07,101.68811
2007-03-08,102.547951
2007-03-09,102.577034
2007-03-12,102.730103
2007-03-13,100.733604
2007-03-14,101.484123
2007-03-15,101.622551
2007-03-16,101.337982
2007-03-19,102.559639
2007-03-20,103.122917
2007-03-21,104.820045
2007-03-22,104.739578
2007-03-23,104.893173
2007-03-26,104.754204
2007-03-27,104.505516
2007-03-28,103.74469
2007-03-29,103.854431
2007-03-30,103.876366
2007-04-02,103.993393
2007-04-03,105.112679
2007-04-04,105.229713
2007-04-05,105.514977
2007-04-09,105.661324
2007-04-10,105.785652
2007-04-11,105.354034
2007-04-12,105.822235
2007-04-13,106.305031
2007-04-16,107.31456
2007-04-17,107.599815
2007-04-18,107.731491
2007-04-19,107.702263
2007-04-20,108.719055
2007-04-23,108.309425
2007-04-24,108.35334
2007-04-25,109.348175
2007-04-26,109.472572
2007-04-27,109.384735
2007-04-30,108.477654
2007-05-01,108.755661
2007-05-02,109.392075
2007-05-03,109.984573
2007-05-04,110.401588
2007-05-07,110.423576
2007-05-08,110.277214
2007-05-09,110.577141
2007-05-10,109.421379
2007-05-11,110.357643
2007-05-14,110.116257
2007-05-15,110.145538
2007-05-16,110.89901
2007-05-17,110.67955
2007-05-18,111.645142
2007-05-21,111.586662
2007-05-22,111.498856
2007-05-23,111.513428
2007-05-24,110.50396
2007-05-25,110.964844
2007-05-29,111.367203
2007-05-30,112.274254
2007-05-31,112.15728
2007-06-01,112.713142
2007-06-04,112.727814
2007-06-05,112.281578
2007-06-06,111.074562
2007-06-07,109.070206
2007-06-08,110.489395
2007-06-11,110.67955
2007-06-12,109.472572
2007-06-13,111.111153
2007-06-14,111.820755
2007-06-15,112.456955
2007-06-18,112.324677
2007-06-19,112.603897
2007-06-20,111.039009
2007-06-21,111.656174
2007-06-22,110.605583
2007-06-25,110.076622
2007-06-26,108.945206
2007-06-27,110.495338
2007-06-28,110.480698
2007-06-29,110.517403
2007-07-02,111.516541
2007-07-03,111.920609
2007-07-05,111.803078
2007-07-06,112.390793
2007-07-09,112.479012
2007-07-10,110.877373
2007-07-11,111.663483
2007-07-12,113.42675
2007-07-13,113.764687
2007-07-16,113.75
2007-07-17,113.691185
2007-07-18,113.485466
2007-07-19,113.926277
2007-07-20,112.772827
2007-07-23,113.118172
2007-07-24,111.156593
2007-07-25,111.384308
2007-07-26,108.746834
2007-07-27,106.608932
2007-07-30,108.276649
2007-07-31,107.057091
2007-08-01,107.578697
2007-08-02,108.438263
2007-08-03,105.646469
2007-08-06,107.417084
2007-08-07,108.563179
2007-08-08,110.076622
2007-08-09,106.814644
2007-08-10,106.315079
2007-08-13,106.697105
2007-08-14,105.066109
2007-08-15,103.618744
2007-08-16,104.397537
2007-08-17,106.315079
2007-08-20,106.263634
2007-08-21,106.476677
2007-08-22,107.740295
2007-08-23,107.644775
2007-08-24,108.974579
2007-08-27,107.960747
2007-08-28,105.587753
2007-08-29,107.659508
2007-08-30,107.372986
2007-08-31,108.430962
2007-09-04,109.52562
2007-09-05,108.577858
2007-09-06,108.827667
2007-09-07,107.314217
2007-09-10,107.108475
2007-09-11,108.357483
2007-09-12,108.636642
2007-09-13,109.400688
2007-09-14,109.393341
2007-09-17,108.805649
2007-09-18,112.008812
2007-09-19,112.670013
2007-09-20,111.876534
2007-09-21,112.178452
2007-09-24,111.971771
2007-09-25,111.750351
2007-09-26,112.340858
2007-09-27,113.005211
2007-09-28,112.628761
2007-10-01,113.898392
2007-10-02,113.743362
2007-10-03,113.514565
2007-10-04,113.691673
2007-10-05,115.042564
2007-10-08,114.429893
2007-10-09,115.507591
2007-10-10,115.315681
2007-10-11,114.762054
2007-10-12,115.396843
2007-10-15,114.422478
2007-10-16,113.514565
2007-10-17,113.861519
2007-10-18,113.44809
2007-10-19,110.480705
2007-10-22,111.122894
2007-10-23,112.023422
2007-10-24,111.816765
2007-10-25,112.082481
2007-10-26,113.396446
2007-10-29,113.772888
2007-10-30,112.983032
2007-10-31,114.156746
2007-11-01,111.484627
2007-11-02,111.610107
2007-11-05,110.761169
2007-11-06,112.252312
2007-11-07,109.181557
2007-11-08,108.627884
2007-11-09,107.136848
2007-11-12,106.073868
2007-11-13,109.307007
2007-11-14,109.004349
2007-11-15,107.432091
2007-11-16,107.61657
2007-11-19,106.118149
2007-11-20,106.767746
2007-11-21,104.582779
2007-11-23,106.391266
2007-11-26,104.043961
2007-11-27,105.239731
2007-11-28,108.605782
2007-11-29,108.6427
2007-11-30,109.735138
2007-12-03,109.011765
2007-12-04,108.037399
2007-12-05,109.845879
2007-12-06,111.418175
2007-12-07,111.396004
2007-12-10,112.259666
2007-12-11,109.181557
2007-12-12,110.259232
2007-12-13,110.030388
2007-12-14,108.635315
2007-12-17,107.085175
2007-12-18,107.683067
2007-12-19,107.683067
2007-12-20,108.36219
2007-12-21,109.924255
2007-12-24,110.740555
2007-12-26,110.97802
2007-12-27,109.582886
2007-12-28,109.308296
2007-12-31,108.499489
2008-01-02,107.549583
2008-01-03,107.497681
2008-01-04,104.863274
2008-01-07,104.774239
2008-01-08,103.082275
2008-01-09,104.165695
2008-01-10,104.848412
2008-01-11,104.00248
2008-01-14,104.841011
2008-01-15,102.533127
2008-01-16,101.65007
2008-01-17,99.015648
2008-01-18,97.999054
2008-01-22,97.004631
2008-01-23,99.334778
2008-01-24,100.173317
2008-01-25,98.726273
2008-01-28,100.358871
2008-01-29,100.856049
2008-01-30,100.113998
2008-01-31,101.939491
2008-02-01,103.579445
2008-02-04,102.273392
2008-02-05,99.535118
2008-02-06,98.733696
2008-02-07,99.386719
2008-02-08,98.74852
2008-02-11,99.253143
2008-02-12,100.173317
2008-02-13,101.19738
2008-02-14,100.306915
2008-02-15,100.284645
2008-02-19,100.56665
2008-02-20,100.86348
2008-02-21,100.024895
2008-02-22,100.640846
2008-02-25,101.909805
2008-02-26,102.674141
2008-02-27,102.570251
2008-02-28,101.568436
2008-02-29,99.305099
2008-03-03,99.067627
2008-03-04,98.689163
2008-03-05,99.312508
2008-03-06,97.256966
2008-03-07,96.25515
2008-03-10,94.986183
2008-03-11,98.399757
2008-03-12,97.479576
2008-03-13,97.694794
2008-03-14,96.180962
2008-03-17,95.208847
2008-03-18,99.164101
2008-03-19,96.707848
2008-03-20,98.49913
2008-03-24,100.467911
2008-03-25,100.56485
2008-03-26,99.334358
2008-03-27,99.021133
2008-03-28,98.07402
2008-03-31,98.417046
2008-04-01,101.877342
2008-04-02,101.944481
2008-04-03,102.198029
2008-04-04,102.086174
2008-04-07,102.13839
2008-04-08,102.034035
2008-04-09,101.295677
2008-04-10,101.437408
2008-04-11,99.468582
2008-04-14,99.132965
2008-04-15,99.36422
2008-04-16,102.056358
2008-04-17,102.205513
2008-04-18,103.271942
2008-04-21,103.324127
2008-04-22,102.869225
2008-04-23,102.705162
2008-04-24,103.152603
2008-04-25,104.107208
2008-04-28,104.12957
2008-04-29,103.719406
2008-04-30,103.107887
2008-05-01,105.24073
2008-05-02,105.531548
2008-05-05,105.024467
2008-05-06,105.934265
2008-05-07,104.047554
2008-05-08,103.779045
2008-05-09,103.585167
2008-05-12,104.748512
2008-05-13,104.763412
2008-05-14,104.979698
2008-05-15,106.292206
2008-05-16,106.38916
2008-05-19,106.680008
2008-05-20,105.814964
2008-05-21,104.025162
2008-05-22,104.04007
2008-05-23,102.645508
2008-05-27,103.406174
2008-05-28,103.883446
2008-05-29,104.405518
2008-05-30,104.666489
2008-06-02,103.585167
2008-06-03,102.981125
2008-06-04,102.928902
2008-06-05,104.987152
2008-06-06,101.638733
2008-06-09,101.884819
2008-06-10,101.377747
2008-06-11,99.88623
2008-06-12,100.266541
2008-06-13,101.534286
2008-06-16,101.593987
2008-06-17,101.101791
2008-06-18,100.117401
2008-06-19,100.244209
2008-06-20,98.617081
2008-06-23,98.519608
2008-06-24,98.324753
2008-06-25,98.789444
2008-06-26,96.106285
2008-06-27,95.581612
2008-06-30,95.9189
2008-07-01,96.218697
2008-07-02,94.569832
2008-07-03,94.667244
2008-07-07,93.700432
2008-07-08,95.364296
2008-07-09,93.528046
2008-07-10,93.910294
2008-07-11,92.816032
2008-07-14,91.976646
2008-07-15,90.680023
2008-07-16,92.906021
2008-07-17,93.83535
2008-07-18,94.419952
2008-07-21,94.472404
2008-07-22,95.544212
2008-07-23,96.06134
2008-07-24,94.067688
2008-07-25,94.045189
2008-07-28,92.666138
2008-07-29,94.644783
2008-07-30,96.331123
2008-07-31,95.057007
2008-08-01,94.554871
2008-08-04,93.677971
2008-08-05,96.20372
2008-08-06,96.630913
2008-08-07,95.19191
2008-08-08,96.960686
2008-08-11,97.964989
2008-08-12,96.945732
2008-08-13,96.361115
2008-08-14,97.088081
2008-08-15,97.560287
2008-08-18,96.226196
2008-08-19,95.176903
2008-08-20,95.619087
2008-08-21,95.783981
2008-08-22,97.170547
2008-08-25,95.199417
2008-08-26,95.47673
2008-08-27,96.406075
2008-08-28,97.575287
2008-08-29,96.525978
2008-09-02,95.926399
2008-09-03,95.843964
2008-09-04,92.958466
2008-09-05,93.250732
2008-09-08,95.176903
2008-09-09,92.351379
2008-09-10,92.726097
2008-09-11,94.067688
2008-09-12,94.502373
2008-09-15,90.00547
2008-09-16,91.51194
2008-09-17,87.397293
2008-09-18,89.990479
2008-09-19,93.564354
2008-09-22,91.446136
2008-09-23,89.365555
2008-09-24,89.652016
2008-09-25,91.054131
2008-09-26,91.09935
2008-09-29,83.960663
2008-09-30,87.435745
2008-10-01,87.488548
2008-10-02,84.314949
2008-10-03,83.176697
2008-10-06,78.940231
2008-10-07,75.404785
2008-10-08,73.505173
2008-10-09,68.37162
2008-10-10,66.713226
2008-10-13,76.399834
2008-10-14,75.269104
2008-10-15,67.859024
2008-10-16,70.685852
2008-10-17,70.263702
2008-10-20,74.485115
2008-10-21,72.261375
2008-10-22,68.326424
2008-10-23,69.117912
2008-10-24,65.612648
2008-10-27,63.283325
2008-10-28,70.678329
2008-10-29,70.165749
2008-10-30,72.593025
2008-10-31,72.992569
2008-11-03,73.203621
2008-11-04,75.691246
2008-11-05,72.510101
2008-11-06,68.492226
2008-11-07,70.7537
2008-11-10,69.826485
2008-11-11,67.670563
2008-11-12,64.692978
2008-11-13,68.725945
2008-11-14,65.296043
2008-11-17,64.429138
2008-11-18,65.642784
2008-11-19,61.436474
2008-11-20,56.875851
2008-11-21,59.943901
2008-11-24,64.09745
2008-11-25,64.572357
2008-11-26,67.06752
2008-11-28,67.911812
2008-12-01,61.896309
2008-12-02,64.278381
2008-12-03,65.82373
2008-12-04,64.301003
2008-12-05,66.283539
2008-12-08,68.597786
2008-12-09,67.467026
2008-12-10,67.926903
2008-12-11,66.291092
2008-12-12,67.082581
2008-12-15,66.147865
2008-12-16,69.261139
2008-12-17,68.590271
2008-12-18,67.308762
2008-12-19,67.019196
2008-12-22,66.160469
2008-12-23,65.47654
2008-12-24,65.856491
2008-12-26,66.236496
2008-12-29,66.046486
2008-12-30,67.611954
2008-12-31,68.577095
2009-01-02,70.644127
2009-01-05,70.560547
2009-01-06,71.031708
2009-01-07,68.903862
2009-01-08,69.185051
2009-01-09,67.703194
2009-01-12,66.076881
2009-01-13,66.198471
2009-01-14,64.116241
2009-01-15,64.139053
2009-01-16,64.640587
2009-01-20,61.228447
2009-01-21,63.873055
2009-01-22,62.885151
2009-01-23,63.158714
2009-01-26,63.591873
2009-01-27,64.237839
2009-01-28,66.411255
2009-01-29,64.253014
2009-01-30,62.9459
2009-02-02,62.755959
2009-02-03,63.637451
2009-02-04,63.325878
2009-02-05,64.268227
2009-02-06,66.099693
2009-02-09,66.190865
2009-02-10,63.158714
2009-02-11,63.53109
2009-02-12,63.576702
2009-02-13,62.892731
2009-02-17,60.202538
2009-02-18,60.058167
2009-02-19,59.41222
2009-02-20,58.834644
2009-02-23,56.729622
2009-02-24,58.880238
2009-02-25,58.416672
2009-02-26,57.466728
2009-02-27,56.182457
2009-03-02,53.651844
2009-03-03,53.249077
2009-03-04,54.510567
2009-03-05,52.283951
2009-03-06,52.375134
2009-03-09,51.759586
2009-03-10,54.844944
2009-03-11,55.202122
2009-03-12,57.375561
2009-03-13,57.823921
2009-03-16,57.649128
2009-03-17,59.41222
2009-03-18,60.742096
2009-03-19,59.989735
2009-03-20,58.712334
2009-03-23,62.929588
2009-03-24,61.689648
2009-03-25,62.340237
2009-03-26,63.610764
2009-03-27,62.462669
2009-03-30,60.304337
2009-03-31,60.863049
2009-04-01,62.041729
2009-04-02,63.855679
2009-04-03,64.490952
2009-04-06,63.985809
2009-04-07,62.493313
2009-04-08,63.166836
2009-04-09,65.677315
2009-04-13,65.692581
2009-04-14,64.559853
2009-04-15,65.24868
2009-04-16,66.205429
2009-04-17,66.649323
2009-04-20,63.855679
2009-04-21,65.103241
2009-04-22,64.705246
2009-04-23,65.340546
2009-04-24,66.327881
2009-04-27,65.700249
2009-04-28,65.493591
2009-04-29,66.886581
2009-04-30,66.909576
2009-05-01,67.269249
2009-05-04,69.557762
2009-05-05,69.320503
2009-05-06,70.522141
2009-05-07,69.54245
2009-05-08,71.165077
2009-05-11,69.833305
2009-05-12,69.626671
2009-05-13,67.873932
2009-05-14,68.45565
2009-05-15,67.896873
2009-05-18,69.825645
2009-05-19,69.741447
2009-05-20,69.27459
2009-05-21,68.279579
2009-05-22,68.134171
2009-05-26,69.879242
2009-05-27,68.631653
2009-05-28,69.588402
2009-05-29,70.820618
2009-06-01,72.535133
2009-06-02,72.596313
2009-06-03,71.677895
2009-06-04,72.351395
2009-06-05,72.366722
2009-06-08,72.068207
2009-06-09,72.435593
2009-06-10,72.2519
2009-06-11,72.57338
2009-06-12,72.772385
2009-06-15,71.103867
2009-06-16,70.13945
2009-06-17,70.070595
2009-06-18,70.583397
2009-06-19,70.843544
2009-06-22,68.719177
2009-06-23,68.773041
2009-06-24,69.365692
2009-06-25,70.874336
2009-06-26,70.689598
2009-06-29,71.351555
2009-06-30,70.774292
2009-07-01,71.06675
2009-07-02,69.127075
2009-07-06,69.1194
2009-07-07,67.780121
2009-07-08,67.733948
2009-07-09,67.864799
2009-07-10,67.703156
2009-07-13,69.350327
2009-07-14,69.742836
2009-07-15,71.782593
2009-07-16,71.667114
2009-07-17,72.452217
2009-07-20,73.221931
2009-07-21,73.560577
2009-07-22,73.545219
2009-07-23,75.169281
2009-07-24,75.47715
2009-07-27,75.700386
2009-07-28,75.346298
2009-07-29,75.161583
2009-07-30,75.946671
2009-07-31,76.054428
2009-08-03,77.309067
2009-08-04,77.509148
2009-08-05,77.285988
2009-08-06,76.885712
2009-08-07,77.894035
2009-08-10,77.732391
2009-08-11,76.762566
2009-08-12,77.586159
2009-08-13,78.178818
2009-08-14,77.578453
2009-08-17,75.669563
2009-08-18,76.269958
2009-08-19,76.939575
2009-08-20,77.732391
2009-08-21,79.256416
2009-08-24,79.248672
2009-08-25,79.402672
2009-08-26,79.410339
2009-08-27,79.587372
2009-08-28,79.571983
2009-08-31,78.863869
2009-09-01,77.124313
2009-09-02,76.831841
2009-09-03,77.470673
2009-09-04,78.556007
2009-09-08,79.233337
2009-09-09,79.84137
2009-09-10,80.657234
2009-09-11,80.641869
2009-09-14,81.034416
2009-09-15,81.3731
2009-09-16,82.604591
2009-09-17,82.481468
2009-09-18,82.534042
2009-09-21,82.325249
2009-09-22,82.804749
2009-09-23,82.116432
2009-09-24,81.211624
2009-09-25,80.778534
2009-09-28,82.224716
2009-09-29,81.977226
2009-09-30,81.660149
2009-10-01,79.633919
2009-10-02,79.262711
2009-10-05,80.445961
2009-10-06,81.598267
2009-10-07,81.822571
2009-10-08,82.448975
2009-10-09,82.951691
2009-10-12,83.276474
2009-10-13,83.106361
2009-10-14,84.537094
2009-10-15,84.846451
2009-10-16,84.212257
2009-10-19,84.908318
2009-10-20,84.45974
2009-10-21,83.701836
2009-10-22,84.552574
2009-10-23,83.585861
2009-10-26,82.680992
2009-10-27,82.302071
2009-10-28,80.747581
2009-10-29,82.479942
2009-10-30,80.09021
2009-11-02,80.677956
2009-11-03,80.933189
2009-11-04,81.141991
2009-11-05,82.634598
2009-11-06,82.85112
2009-11-09,84.738174
2009-11-10,84.753632
2009-11-11,85.186737
2009-11-12,84.320526
2009-11-13,84.77684
2009-11-16,86.006477
2009-11-17,86.107025
2009-11-18,86.052895
2009-11-19,84.931519
2009-11-20,84.629898
2009-11-23,85.704849
2009-11-24,85.836357
2009-11-25,86.137978
2009-11-27,84.738174
2009-11-30,85.024315
2009-12-01,86.076096
2009-12-02,86.037407
2009-12-03,85.364563
2009-12-04,85.851799
2009-12-07,85.720345
2009-12-08,84.769081
2009-12-09,85.086189
2009-12-10,85.565651
2009-12-11,85.929138
2009-12-14,86.516922
2009-12-15,86.114754
2009-12-16,86.246239
2009-12-17,85.209923
2009-12-18,85.691986
2009-12-21,86.562805
2009-12-22,86.873833
2009-12-23,87.044876
2009-12-24,87.456985
2009-12-28,87.643593
2009-12-29,87.519196
2009-12-30,87.488098
2009-12-31,86.648346
2010-01-04,88.117897
2010-01-05,88.351173
2010-01-06,88.413322
2010-01-07,88.78656
2010-01-08,89.082054
2010-01-11,89.206421
2010-01-12,88.374504
2010-01-13,89.120934
2010-01-14,89.361946
2010-01-15,88.35894
2010-01-19,89.463028
2010-01-20,88.553314
2010-01-21,86.850502
2010-01-22,84.914452
2010-01-25,85.349876
2010-01-26,84.99221
2010-01-27,85.396538
2010-01-28,84.416809
2010-01-29,83.499344
2010-02-01,84.797829
2010-02-02,85.824158
2010-02-03,85.396538
2010-02-04,82.760696
2010-02-05,82.93174
2010-02-08,82.333061
2010-02-09,83.36718
2010-02-10,83.203857
2010-02-11,84.07473
2010-02-12,84.004723
2010-02-16,85.326538
2010-02-17,85.73085
2010-02-18,86.236259
2010-02-19,86.415092
2010-02-22,86.430649
2010-02-23,85.380981
2010-02-24,86.166267
2010-02-25,86.049629
2010-02-26,86.10408
2010-03-01,86.998245
2010-03-02,87.239296
2010-03-03,87.317032
2010-03-04,87.581406
2010-03-05,88.833229
2010-03-08,88.848785
2010-03-09,88.996513
2010-03-10,89.393036
2010-03-11,89.766243
2010-03-12,89.774025
2010-03-15,89.797394
2010-03-16,90.512695
2010-03-17,91.04921
2010-03-18,91.002556
2010-03-19,90.541901
2010-03-22,91.025963
2010-03-23,91.666176
2010-03-24,91.221153
2010-03-25,91.072807
2010-03-26,91.018158
2010-03-29,91.595909
2010-03-30,91.65834
2010-03-31,91.346069
2010-04-01,91.970657
2010-04-05,92.720161
2010-04-06,92.938744
2010-04-07,92.407867
2010-04-08,92.727966
2010-04-09,93.336952
2010-04-12,93.485291
2010-04-13,93.555534
2010-04-14,94.617363
2010-04-15,94.695427
2010-04-16,93.188583
2010-04-19,93.539909
2010-04-20,94.375328
2010-04-21,94.203568
2010-04-22,94.484627
2010-04-23,95.101402
2010-04-26,94.742271
2010-04-27,92.501572
2010-04-28,93.204208
2010-04-29,94.35968
2010-04-30,92.759209
2010-05-03,93.961533
2010-05-04,91.752029
2010-05-05,91.205521
2010-05-06,88.17627
2010-05-07,86.864616
2010-05-10,90.690269
2010-05-11,90.432594
2010-05-12,91.69738
2010-05-13,90.557503
2010-05-14,88.917976
2010-05-17,88.964813
2010-05-18,87.7547
2010-05-19,87.255013
2010-05-20,83.960312
2010-05-21,85.186081
2010-05-24,84.093033
2010-05-25,84.178902
2010-05-26,83.671463
2010-05-27,86.474266
2010-05-28,85.389069
2010-06-01,83.952515
2010-06-02,86.138565
2010-06-03,86.435242
2010-06-04,83.398178
2010-06-07,82.359795
2010-06-08,83.242027
2010-06-09,82.797012
2010-06-10,85.2173
2010-06-11,85.631058
2010-06-14,85.498344
2010-06-15,87.442375
2010-06-16,87.411148
2010-06-17,87.551704
2010-06-18,87.646622
2010-06-21,87.395599
2010-06-22,85.952225
2010-06-23,85.685501
2010-06-24,84.26564
2010-06-25,84.618645
2010-06-28,84.351936
2010-06-29,81.747536
2010-06-30,80.97094
2010-07-01,80.610115
2010-07-02,80.170799
2010-07-06,80.696404
2010-07-07,83.237999
2010-07-08,84.061668
2010-07-09,84.689232
2010-07-12,84.744156
2010-07-13,86.022797
2010-07-14,86.014969
2010-07-15,86.038483
2010-07-16,83.669441
2010-07-19,84.163643
2010-07-20,85.097153
2010-07-21,83.991081
2010-07-22,85.865898
2010-07-23,86.611145
2010-07-26,87.513268
2010-07-27,87.505409
2010-07-28,86.940628
2010-07-29,86.517006
2010-07-30,86.501297
2010-08-02,88.454575
2010-08-03,88.030998
2010-08-04,88.619339
2010-08-05,88.5252
2010-08-06,88.16436
2010-08-09,88.635002
2010-08-10,88.156502
2010-08-11,85.740402
2010-08-12,85.214806
2010-08-13,84.963776
2010-08-16,84.924545
2010-08-17,85.96788
2010-08-18,86.124802
2010-08-19,84.626465
2010-08-20,84.351936
2010-08-23,84.030304
2010-08-24,82.783028
2010-08-25,83.104652
2010-08-26,82.547707
2010-08-27,83.826347
2010-08-30,82.610458
2010-08-31,82.610458
2010-09-01,85.081474
2010-09-02,85.873756
2010-09-03,86.987671
2010-09-07,86.007118
2010-09-08,86.611145
2010-09-09,87.011208
2010-09-10,87.450485
2010-09-13,88.423225
2010-09-14,88.368301
2010-09-15,88.705643
2010-09-16,88.682098
2010-09-17,88.715195
2010-09-20,90.071701
2010-09-21,89.890274
2010-09-22,89.448654
2010-09-23,88.723083
2010-09-24,90.552765
2010-09-27,90.118996
2010-09-28,90.434441
2010-09-29,90.276772
2010-09-30,90.008614
2010-10-01,90.387154
2010-10-04,89.708893
2010-10-05,91.514908
2010-10-06,91.507019
2010-10-07,91.396591
2010-10-08,91.909218
2010-10-11,91.995987
2010-10-12,92.279877
2010-10-13,92.997589
2010-10-14,92.634811
2010-10-15,92.824074
2010-10-18,93.281494
2010-10-19,92.05909
2010-10-20,92.95813
2010-10-21,93.1632
2010-10-22,93.3367
2010-10-25,93.612724
2010-10-26,93.628494
2010-10-27,93.360336
2010-10-28,93.376114
2010-10-29,93.447113
2010-11-01,93.47863
2010-11-02,94.219986
2010-11-03,94.598526
2010-11-04,96.420303
2010-11-05,96.783119
2010-11-08,96.60173
2010-11-09,95.9077
2010-11-10,96.294144
2010-11-11,95.931358
2010-11-12,94.795685
2010-11-15,94.661613
2010-11-16,93.186859
2010-11-17,93.234138
2010-11-18,94.606415
2010-11-19,94.866669
2010-11-22,94.787827
2010-11-23,93.415558
2010-11-24,94.795685
2010-11-26,93.691574
2010-11-29,93.97551
2010-11-30,93.447113
2010-12-01,95.434509
2010-12-02,96.656921
2010-12-03,96.917168
2010-12-06,96.814636
2010-12-07,96.869873
2010-12-08,97.224762
2010-12-09,97.603287
2010-12-10,98.171127
2010-12-13,98.234207
2010-12-14,98.320938
2010-12-15,97.871437
2010-12-16,98.439262
2010-12-17,98.544731
2010-12-20,98.782524
2010-12-21,99.408882
2010-12-22,99.718048
2010-12-23,99.575348
2010-12-27,99.615005
2010-12-28,99.757652
2010-12-29,99.829002
2010-12-30,99.670479
2010-12-31,99.694252
2011-01-03,100.724892
2011-01-04,100.66938
2011-01-05,101.19265
2011-01-06,100.994423
2011-01-07,100.796234
2011-01-10,100.66938
2011-01-11,101.026161
2011-01-12,101.937897
2011-01-13,101.771378
2011-01-14,102.508698
2011-01-18,102.683105
2011-01-19,101.67627
2011-01-20,101.541473
2011-01-21,101.771378
2011-01-24,102.350105
2011-01-25,102.405609
2011-01-26,102.802048
2011-01-27,103.055717
2011-01-28,101.256058
2011-01-31,102.017143
2011-02-01,103.650322
2011-02-02,103.45211
2011-02-03,103.68203
2011-02-04,103.97538
2011-02-07,104.625443
2011-02-08,105.101143
2011-02-09,104.863281
2011-02-10,104.902954
2011-02-11,105.529266
2011-02-14,105.782944
2011-02-15,105.449959
2011-02-16,106.115921
2011-02-17,106.433044
2011-02-18,106.655022
2011-02-22,104.514488
2011-02-23,103.872322
2011-02-24,103.800926
2011-02-25,104.910866
2011-02-28,105.560936
2011-03-01,103.800926
2011-03-02,104.022926
2011-03-03,105.814651
2011-03-04,105.021851
2011-03-07,104.19735
2011-03-08,105.10907
2011-03-09,104.958427
2011-03-10,103.016083
2011-03-11,103.729568
2011-03-14,103.103294
2011-03-15,101.922005
2011-03-16,100.035172
2011-03-17,101.359116
2011-03-18,101.727814
2011-03-21,103.304367
2011-03-22,102.94603
2011-03-23,103.240654
2011-03-24,104.227974
2011-03-25,104.546509
2011-03-28,104.291687
2011-03-29,104.992401
2011-03-30,105.716957
2011-03-31,105.573639
2011-04-01,106.019516
2011-04-04,106.107124
2011-04-05,106.091187
2011-04-06,106.425613
2011-04-07,106.1549
2011-04-08,105.788612
2011-04-11,105.470154
2011-04-12,104.681847
2011-04-13,104.673912
2011-04-14,104.753479
2011-04-15,105.135712
2011-04-18,103.957283
2011-04-19,104.554436
2011-04-20,105.979706
2011-04-21,106.521179
2011-04-25,106.409698
2011-04-26,107.325378
2011-04-27,108.026054
2011-04-28,108.376389
2011-04-29,108.631187
2011-05-02,108.464005
2011-05-03,108.073845
2011-05-04,107.357262
2011-05-05,106.385826
2011-05-06,106.855598
2011-05-09,107.269623
2011-05-10,108.18531
2011-05-11,107.046684
2011-05-12,107.556313
2011-05-13,106.728172
2011-05-16,106.051369
2011-05-17,106.035469
2011-05-18,106.982971
2011-05-19,107.237808
2011-05-20,106.385826
2011-05-23,105.151634
2011-05-24,105.064041
2011-05-25,105.414383
2011-05-26,105.900116
2011-05-27,106.30619
2011-05-31,107.412949
2011-06-01,105.000366
2011-06-02,104.88887
2011-06-03,103.84581
2011-06-06,102.746979
2011-06-07,102.683327
2011-06-08,102.253296
2011-06-09,103.03363
2011-06-10,101.600403
2011-06-13,101.680031
2011-06-14,102.969925
2011-06-15,101.138565
2011-06-16,101.361549
2011-06-17,101.664001
2011-06-20,102.184128
2011-06-21,103.584457
2011-06-22,102.960335
2011-06-23,102.664261
2011-06-24,101.471962
2011-06-27,102.37616
2011-06-28,103.712479
2011-06-29,104.600723
2011-06-30,105.600914
2011-07-01,107.161301
2011-07-05,107.073265
2011-07-06,107.201286
2011-07-07,108.313583
2011-07-08,107.545395
2011-07-11,105.600914
2011-07-12,105.144814
2011-07-13,105.496895
2011-07-14,104.768707
2011-07-15,105.376884
2011-07-18,104.512688
2011-07-19,106.209038
2011-07-20,106.145027
2011-07-21,107.617401
2011-07-22,107.68943
2011-07-25,107.089264
2011-07-26,106.689186
2011-07-27,104.504677
2011-07-28,104.200592
2011-07-29,103.488396
2011-08-01,103.048332
2011-08-02,100.41571
2011-08-03,100.959839
2011-08-04,96.230698
2011-08-05,96.086685
2011-08-08,89.829216
2011-08-09,94.006195
2011-08-10,89.853188
2011-08-11,93.886154
2011-08-12,94.518311
2011-08-15,96.518776
2011-08-16,95.694572
2011-08-17,95.758591
2011-08-18,91.629646
2011-08-19,90.13327
2011-08-22,90.205269
2011-08-23,93.173965
2011-08-24,94.486313
2011-08-25,93.045982
2011-08-26,94.398285
2011-08-29,97.110931
2011-08-30,97.366997
2011-08-31,97.799072
2011-09-01,96.774849
2011-09-02,94.302238
2011-09-06,93.61409
2011-09-07,96.254707
2011-09-08,95.254456
2011-09-09,92.757889
2011-09-12,93.358055
2011-09-13,94.214226
2011-09-14,95.518539
2011-09-15,97.166916
2011-09-16,97.74202
2011-09-19,96.768791
2011-09-20,96.656181
2011-09-21,93.808861
2011-09-22,90.776543
2011-09-23,91.323479
2011-09-26,93.495171
2011-09-27,94.540802
2011-09-28,92.610435
2011-09-29,93.342346
2011-09-30,91.009811
2011-10-03,88.419868
2011-10-04,90.358284
2011-10-05,92.031311
2011-10-06,93.696243
2011-10-07,93.068886
2011-10-10,96.181618
2011-10-11,96.278145
2011-10-12,97.122681
2011-10-13,96.929657
2011-10-14,98.586571
2011-10-17,96.704437
2011-10-18,98.594589
2011-10-19,97.428345
2011-10-20,97.854652
2011-10-21,99.712631
2011-10-24,100.935219
2011-10-25,98.972641
2011-10-26,99.978096
2011-10-27,103.460808
2011-10-28,103.436684
2011-10-31,100.943253
2011-11-01,98.128113
2011-11-02,99.728714
2011-11-03,101.546509
2011-11-04,100.92717
2011-11-07,101.55455
2011-11-08,102.857574
2011-11-09,99.061111
2011-11-10,99.994133
2011-11-11,101.876274
2011-11-14,100.911064
2011-11-15,101.409767
2011-11-16,99.801102
2011-11-17,98.216599
2011-11-18,98.112038
2011-11-21,96.245987
2011-11-22,95.867935
2011-11-23,93.752563
2011-11-25,93.575607
2011-11-28,96.286209
2011-11-29,96.559662
2011-11-30,100.533058
2011-12-01,100.516991
2011-12-02,100.428497
2011-12-05,101.522369
2011-12-06,101.55455
2011-12-07,101.932602
2011-12-08,99.696548
2011-12-09,101.385635
2011-12-12,99.90567
2011-12-13,98.972641
2011-12-14,97.918983
2011-12-15,98.272881
2011-12-16,98.418594
2011-12-19,97.366318
2011-12-20,100.312637
2011-12-21,100.506927
2011-12-22,101.397285
2011-12-23,102.303833
2011-12-27,102.384773
2011-12-28,101.041122
2011-12-29,102.085312
2011-12-30,101.58345
2012-01-03,103.202309
2012-01-04,103.364212
2012-01-05,103.639435
2012-01-06,103.372299
2012-01-09,103.62323
2012-01-10,104.52166
2012-01-11,104.578362
2012-01-12,104.829277
2012-01-13,104.286957
2012-01-17,104.69165
2012-01-18,105.849167
2012-01-19,106.407669
2012-01-20,106.80426
2012-01-23,106.52906
2012-01-24,106.407669
2012-01-25,107.298035
2012-01-26,106.747612
2012-01-27,106.699089
2012-01-30,106.334808
2012-01-31,106.294342
2012-02-01,107.225174
2012-02-02,107.395172
2012-02-03,108.900665
2012-02-06,108.827866
2012-02-07,109.103058
2012-02-08,109.426849
2012-02-09,109.564438
2012-02-10,108.754982
2012-02-13,109.564438
2012-02-14,109.426849
2012-02-15,108.916901
2012-02-16,110.12294
2012-02-17,110.41436
2012-02-21,110.462883
2012-02-22,110.106743
2012-02-23,110.5924
2012-02-24,110.835228
2012-02-27,111.0214
2012-02-28,111.345161
2012-02-29,110.908073
2012-03-01,111.48278
2012-03-02,111.14283
2012-03-05,110.68956
2012-03-06,109.070717
2012-03-07,109.831535
2012-03-08,110.924255
2012-03-09,111.353264
2012-03-12,111.361397
2012-03-13,113.368736
2012-03-14,113.247322
2012-03-15,113.902954
2012-03-16,114.060707
2012-03-19,114.50782
2012-03-20,114.174492
2012-03-21,113.987534
2012-03-22,113.16642
2012-03-23,113.532242
2012-03-26,115.125694
2012-03-27,114.767975
2012-03-28,114.198944
2012-03-29,114.003769
2012-03-30,114.475327
2012-04-02,115.312691
2012-04-03,114.841187
2012-04-04,113.702988
2012-04-05,113.646065
2012-04-09,112.36972
2012-04-10,110.483582
2012-04-11,111.377869
2012-04-12,112.833107
2012-04-13,111.491714
2012-04-16,111.418549
2012-04-17,113.06884
2012-04-18,112.686752
2012-04-19,111.963211
2012-04-20,112.1502
2012-04-23,111.207108
2012-04-24,111.62989
2012-04-25,113.158287
2012-04-26,113.946899
2012-04-27,114.133888
2012-04-30,113.711128
2012-05-01,114.418404
2012-05-02,114.076988
2012-05-03,113.207077
2012-05-04,111.377869
2012-05-07,111.459167
2012-05-08,111.012039
2012-05-09,110.353539
2012-05-10,110.581161
2012-05-11,110.247818
2012-05-14,109.028381
2012-05-15,108.402374
2012-05-16,107.987717
2012-05-17,106.386223
2012-05-18,105.475677
2012-05-21,107.288597
2012-05-22,107.475548
2012-05-23,107.532494
2012-05-24,107.743858
2012-05-25,107.394295
2012-05-29,108.695023
2012-05-30,107.117859
2012-05-31,106.882126
2012-06-01,104.191154
2012-06-04,104.14238
2012-06-05,104.930992
2012-06-06,107.288597
2012-06-07,107.353668
2012-06-08,108.207291
2012-06-11,106.833305
2012-06-12,108.060905
2012-06-13,107.369911
2012-06-14,108.50808
2012-06-15,109.617798
2012-06-18,109.830276
2012-06-19,110.892639
2012-06-20,110.712837
2012-06-21,108.228592
2012-06-22,109.062141
2012-06-25,107.313324
2012-06-26,107.852684
2012-06-27,108.82515
2012-06-28,108.514587
2012-06-29,111.219505
2012-07-02,111.55455
2012-07-03,112.290024
2012-07-05,111.783356
2012-07-06,110.721031
2012-07-09,110.582092
2012-07-10,109.617798
2012-07-11,109.634171
2012-07-12,109.102982
2012-07-13,110.933495
2012-07-16,110.671982
2012-07-17,111.431976
2012-07-18,112.257347
2012-07-19,112.551506
2012-07-20,111.521866
2012-07-23,110.394127
2012-07-24,109.446182
2012-07-25,109.470703
2012-07-26,111.276718
2012-07-27,113.327835
2012-07-30,113.327835
2012-07-31,112.535187
2012-08-01,112.437096
2012-08-02,111.660774
2012-08-03,113.875374
2012-08-06,114.09597
2012-08-07,114.668045
2012-08-08,114.806969
2012-08-09,114.904999
2012-08-10,115.092949
2012-08-13,115.035767
2012-08-14,115.052109
2012-08-15,115.182884
2012-08-16,116.032738
2012-08-17,116.188034
2012-08-20,116.196152
2012-08-21,115.844788
2012-08-22,115.893852
2012-08-23,114.945869
2012-08-24,115.640488
2012-08-27,115.664993
2012-08-28,115.550606
2012-08-29,115.640488
2012-08-30,114.806969
2012-08-31,115.3545
2012-09-04,115.24826
2012-09-05,115.150177
2012-09-06,117.487358
2012-09-07,117.944984
2012-09-10,117.274864
2012-09-11,117.601761
2012-09-12,117.994026
2012-09-13,119.79184
2012-09-14,120.32299
2012-09-17,119.914421
2012-09-18,119.816338
2012-09-19,119.881676
2012-09-20,119.889915
2012-09-21,119.839806
2012-09-24,119.659019
2012-09-25,118.385612
2012-09-26,117.720146
2012-09-27,118.829262
2012-09-28,118.278847
2012-10-01,118.591003
2012-10-02,118.714211
2012-10-03,119.198982
2012-10-04,120.053368
2012-10-05,120.061584
2012-10-08,119.650803
2012-10-09,118.467789
2012-10-10,117.711937
2012-10-11,117.777657
2012-10-12,117.391525
2012-10-15,118.369202
2012-10-16,119.568672
2012-10-17,120.110832
2012-10-18,119.798721
2012-10-19,117.802338
2012-10-22,117.818726
2012-10-23,116.183876
2012-10-24,115.85527
2012-10-25,116.192093
2012-10-26,116.12635
2012-10-31,116.12635
2012-11-01,117.34227
2012-11-02,116.298843
2012-11-05,116.53714
2012-11-06,117.449081
2012-11-07,114.787231
2012-11-08,113.407013
2012-11-09,113.5056
2012-11-12,113.596008
2012-11-13,113.201607
2012-11-14,111.673508
2012-11-15,111.484604
2012-11-16,112.035042
2012-11-19,114.302498
2012-11-20,114.351799
2012-11-21,114.565422
2012-11-23,116.12635
2012-11-26,115.879913
2012-11-27,115.288368
2012-11-28,116.216759
2012-11-29,116.758942
2012-11-30,116.7836
2012-12-03,116.208534
2012-12-04,116.044197
2012-12-05,116.249611
2012-12-06,116.643967
2012-12-07,116.9972
2012-12-10,117.046524
2012-12-11,117.843422
2012-12-12,117.900909
2012-12-13,117.177948
2012-12-14,116.742516
2012-12-17,118.114517
2012-12-18,119.428993
2012-12-19,118.54174
2012-12-20,119.223625
2012-12-21,118.141373
2012-12-24,117.777321
2012-12-26,117.280952
2012-12-27,117.123703
2012-12-28,115.857826
2012-12-31,117.827003
2013-01-02,120.846901
2013-01-03,120.573914
2013-01-04,121.103416
2013-01-07,120.772461
2013-01-08,120.425026
2013-01-09,120.731133
2013-01-10,121.690895
2013-01-11,121.682617
2013-01-14,121.599815
2013-01-15,121.682617
2013-01-16,121.666023
2013-01-17,122.452019
2013-01-18,122.72509
2013-01-22,123.386978
2013-01-23,123.585579
2013-01-24,123.618668
2013-01-25,124.313637
2013-01-28,124.164703
2013-01-29,124.652863
2013-01-30,124.164703
2013-01-31,123.858589
2013-02-01,125.132767
2013-02-04,123.72625
2013-02-05,124.975563
2013-02-06,125.066574
2013-02-07,124.901115
2013-02-08,125.596085
2013-02-11,125.571297
2013-02-12,125.778107
2013-02-13,125.885704
2013-02-14,126.001518
2013-02-15,125.852638
2013-02-19,126.795753
2013-02-20,125.215485
2013-02-21,124.454308
2013-02-22,125.67054
2013-02-25,123.279404
2013-02-26,124.123344
2013-02-27,125.687088
2013-02-28,125.438889
2013-03-01,125.852638
2013-03-04,126.522736
2013-03-05,127.656258
2013-03-06,127.829971
2013-03-07,128.061691
2013-03-08,128.607727
2013-03-11,129.095917
2013-03-12,128.806305
2013-03-13,128.988312
2013-03-14,129.674988
2013-03-15,129.50383
2013-03-18,128.789124
2013-03-19,128.490005
2013-03-20,129.387512
2013-03-21,128.282211
2013-03-22,129.312775
2013-03-25,128.772522
2013-03-26,129.803009
2013-03-27,129.803009
2013-03-28,130.201965
2013-04-01,129.686661
2013-04-02,130.326599
2013-04-03,129.005188
2013-04-04,129.528763
2013-04-05,128.947052
2013-04-08,129.819656
2013-04-09,130.268417
2013-04-10,131.864014
2013-04-11,132.296188
2013-04-12,131.972107
2013-04-15,128.913757
2013-04-16,130.816925
2013-04-17,128.905518
2013-04-18,128.099396
2013-04-19,129.213013
2013-04-22,129.786392
2013-04-23,131.124405
2013-04-24,131.207504
2013-04-25,131.739441
2013-04-26,131.50676
2013-04-29,132.387634
2013-04-30,132.70343
2013-05-01,131.539963
2013-05-02,132.761581
2013-05-03,134.10791
2013-05-06,134.448639
2013-05-07,135.130142
2013-05-08,135.745117
2013-05-09,135.362854
2013-05-10,135.803284
2013-05-13,135.911301
2013-05-14,137.315796
2013-05-15,138.05545
2013-05-16,137.407181
2013-05-17,138.736877
2013-05-20,138.728592
2013-05-21,138.928055
2013-05-22,137.897507
2013-05-23,137.498611
2013-05-24,137.382294
2013-05-28,138.205078
2013-05-29,137.307495
2013-05-30,137.814453
2013-05-31,135.836472
2013-06-03,136.584442
2013-06-04,135.927917
2013-06-05,134.024826
2013-06-06,135.238174
2013-06-07,136.958481
2013-06-10,136.958481
2013-06-11,135.545654
2013-06-12,134.423721
2013-06-13,136.468124
2013-06-14,135.612106
2013-06-17,136.659241
2013-06-18,137.739624
2013-06-19,135.836472
2013-06-20,132.470734
2013-06-21,132.895996
2013-06-24,131.216736
2013-06-25,132.478271
2013-06-26,133.789902
2013-06-27,134.575302
2013-06-28,134.023834
2013-07-01,134.809189
2013-07-02,134.683868
2013-07-03,134.74234
2013-07-05,136.196045
2013-07-08,136.972961
2013-07-09,137.958847
2013-07-10,138.009003
2013-07-11,139.888763
2013-07-12,139.94722
2013-07-15,140.481918
2013-07-16,139.955612
2013-07-17,140.314804
2013-07-18,141.083389
2013-07-19,141.334061
2013-07-22,141.609787
2013-07-23,141.309052
2013-07-24,140.791031
2013-07-25,141.133575
2013-07-26,141.28392
2013-07-29,140.849487
2013-07-30,140.849487
2013-07-31,140.949768
2013-08-01,142.578903
2013-08-02,142.821213
2013-08-05,142.612335
2013-08-06,141.801987
2013-08-07,141.342438
2013-08-08,141.860428
2013-08-09,141.451096
2013-08-12,141.28392
2013-08-13,141.701706
2013-08-14,140.974899
2013-08-15,139.003143
2013-08-16,138.543655
2013-08-19,137.658081
2013-08-20,138.334839
2013-08-21,137.482635
2013-08-22,138.735825
2013-08-23,139.203705
2013-08-26,138.685699
2013-08-27,136.455048
2013-08-28,136.93956
2013-08-29,137.156799
2013-08-30,136.722397
2013-09-03,137.340652
2013-09-04,138.476822
2013-09-05,138.652283
2013-09-06,138.719086
2013-09-09,140.047455
2013-09-10,141.083389
2013-09-11,141.526276
2013-09-12,141.150299
2013-09-13,141.467743
2013-09-16,142.286499
2013-09-17,142.921478
2013-09-18,144.575623
2013-09-19,144.333374
2013-09-20,143.32428
2013-09-23,142.661087
2013-09-24,142.325211
2013-09-25,141.913849
2013-09-26,142.459579
2013-09-27,141.804703
2013-09-30,141.049194
2013-10-01,142.16568
2013-10-02,142.031372
2013-10-03,140.721786
2013-10-04,141.787964
2013-10-07,140.562241
2013-10-08,138.925156
2013-10-09,139.025879
2013-10-10,142.02298
2013-10-11,142.93811
2013-10-14,143.508957
2013-10-15,142.467911
2013-10-16,144.457626
2013-10-17,145.423111
2013-10-18,146.40538
2013-10-21,146.413666
2013-10-22,147.261688
2013-10-23,146.556473
2013-10-24,147.04335
2013-10-25,147.715012
2013-10-28,147.950027
2013-10-29,148.739182
2013-10-30,148.000397
2013-10-31,147.580673
2013-11-01,147.933289
2013-11-04,148.453735
2013-11-05,147.983673
2013-11-06,148.739182
2013-11-07,146.858658
2013-11-08,148.839966
2013-11-11,148.865173
2013-11-12,148.562881
2013-11-13,149.755096
2013-11-14,150.502228
2013-11-15,151.157013
2013-11-18,150.628174
2013-11-19,150.300735
2013-11-20,149.830597
2013-11-21,151.039505
2013-11-22,151.79509
2013-11-25,151.644028
2013-11-26,151.685913
2013-11-27,152.055359
2013-11-29,151.954605
2013-12-02,151.560043
2013-12-03,150.905197
2013-12-04,150.888428
2013-12-05,150.225204
2013-12-06,151.904266
2013-12-09,152.290451
2013-12-10,151.74472
2013-12-11,150.040466
2013-12-12,149.545166
2013-12-13,149.528366
2013-12-16,150.460266
2013-12-17,149.98172
2013-12-18,152.542267
2013-12-19,152.365982
2013-12-20,153.252274
2013-12-23,154.071045
2013-12-24,154.408661
2013-12-26,155.19368
2013-12-27,155.185242
2013-12-30,155.159943
2013-12-31,155.894287
2014-01-02,154.400192
2014-01-03,154.374893
2014-01-06,153.927475
2014-01-07,154.872894
2014-01-08,154.906693
2014-01-09,155.00795
2014-01-10,155.430038
2014-01-13,153.36203
2014-01-14,155.033295
2014-01-15,155.868973
2014-01-16,155.666336
2014-01-17,155.00795
2014-01-21,155.463791
2014-01-22,155.565079
2014-01-23,154.290512
2014-01-24,150.998581
2014-01-27,150.255798
2014-01-28,151.150513
2014-01-29,149.698669
2014-01-30,151.285553
2014-01-31,150.399307
2014-02-03,147.014465
2014-02-04,148.044296
2014-02-05,147.858612
2014-02-06,149.808441
2014-02-07,151.66539
2014-02-10,151.943939
2014-02-11,153.606827
2014-02-12,153.68277
2014-02-13,154.476196
2014-02-14,155.32872
2014-02-18,155.51445
2014-02-19,154.484634
2014-02-20,155.396286
2014-02-21,155.219009
2014-02-24,156.079941
2014-02-25,156.020874
2014-02-26,156.029327
2014-02-27,156.848068
2014-02-28,157.244797
2014-03-03,156.139069
2014-03-04,158.33374
2014-03-05,158.477142
2014-03-06,158.840103
2014-03-07,158.907654
2014-03-10,158.823273
2014-03-11,158.038223
2014-03-12,158.080429
2014-03-13,156.307877
2014-03-14,155.868973
2014-03-17,157.27858
2014-03-18,158.401215
2014-03-19,157.557098
2014-03-20,158.477142
2014-03-21,157.862488
2014-03-24,157.209702
2014-03-25,157.955765
2014-03-26,156.819748
2014-03-27,156.489075
2014-03-28,157.260559
2014-03-31,158.549225
2014-04-01,159.60051
2014-04-02,160.134644
2014-04-03,159.922699
2014-04-04,158.032028
2014-04-07,156.285599
2014-04-08,156.929947
2014-04-09,158.617065
2014-04-10,155.285172
2014-04-11,153.8862
2014-04-14,155.098663
2014-04-15,156.166885
2014-04-16,157.803162
2014-04-17,158.023575
2014-04-21,158.574661
2014-04-22,159.295288
2014-04-23,158.922287
2014-04-24,159.244446
2014-04-25,157.938828
2014-04-28,158.439026
2014-04-29,159.176605
2014-04-30,159.651428
2014-05-01,159.668396
2014-05-02,159.439484
2014-05-05,159.74469
2014-05-06,158.354263
2014-05-07,159.286865
2014-05-08,159.117264
2014-05-09,159.354675
2014-05-12,160.906143
2014-05-13,161.050293
2014-05-14,160.287262
2014-05-15,158.879898
2014-05-16,159.430969
2014-05-19,160.015915
2014-05-20,159.007065
2014-05-21,160.346573
2014-05-22,160.736557
2014-05-23,161.380981
2014-05-27,162.37291
2014-05-28,162.254166
2014-05-29,163.093536
2014-05-30,163.356293
2014-06-02,163.542847
2014-06-03,163.458069
2014-06-04,163.788712
2014-06-05,164.856995
2014-06-06,165.645462
2014-06-09,165.814987
2014-06-10,165.831924
2014-06-11,165.255417
2014-06-12,164.085434
2014-06-13,164.585648
2014-06-16,164.721283
2014-06-17,165.179092
2014-06-18,166.391449
2014-06-19,166.578003
2014-06-20,166.916214
2014-06-23,166.865082
2014-06-24,165.859879
2014-06-25,166.609528
2014-06-26,166.490326
2014-06-27,166.81398
2014-06-30,166.728821
2014-07-01,167.844711
2014-07-02,168.015167
2014-07-03,168.841446
2014-07-07,168.253632
2014-07-08,167.171768
2014-07-09,167.921417
2014-07-10,167.256958
2014-07-11,167.486984
2014-07-14,168.330292
2014-07-15,168.015167
2014-07-16,168.636963
2014-07-17,166.720261
2014-07-18,168.423981
2014-07-21,168.10881
2014-07-22,168.841446
2014-07-23,169.216263
2014-07-24,169.224762
2014-07-25,168.432541
2014-07-28,168.500687
2014-07-29,167.776596
2014-07-30,167.802155
2014-07-31,164.488327
2014-08-01,163.985748
2014-08-04,165.16983
2014-08-05,163.568344
2014-08-06,163.619476
2014-08-07,162.733536
2014-08-08,164.616135
2014-08-11,165.093185
2014-08-12,164.863174
2014-08-13,165.979095
2014-08-14,166.762848
2014-08-15,166.728821
2014-08-18,168.125839
2014-08-19,169.003342
2014-08-20,169.454788
2014-08-21,169.948822
2014-08-22,169.684769
2014-08-25,170.545166
2014-08-26,170.65593
2014-08-27,170.587799
2014-08-28,170.494064
2014-08-29,170.979675
2014-09-02,170.894424
2014-09-03,170.80072
2014-09-04,170.55365
2014-09-05,171.320404
2014-09-08,170.877426
2014-09-09,169.795517
2014-09-10,170.434448
2014-09-11,170.630386
2014-09-12,169.633667
2014-09-15,169.505875
2014-09-16,170.783707
2014-09-17,171.013687
2014-09-18,171.925247
2014-09-19,171.770325
2014-09-22,170.443741
2014-09-23,169.468063
2014-09-24,170.794586
2014-09-25,168.038788
2014-09-26,169.373901
2014-09-29,169.065796
2014-09-30,168.620728
2014-10-01,166.335632
2014-10-02,166.361298
2014-10-03,168.192841
2014-10-06,167.995956
2014-10-07,165.402756
2014-10-08,168.295547
2014-10-09,164.957703
2014-10-10,163.074768
2014-10-13,160.395981
2014-10-14,160.64418
2014-10-15,159.557266
2014-10-16,159.420303
2014-10-17,161.303207
2014-10-20,162.869461
2014-10-21,166.096039
2014-10-22,164.914917
2014-10-23,166.832031
2014-10-24,168.115799
2014-10-27,167.884735
2014-10-28,169.81041
2014-10-29,169.553619
2014-10-30,170.640549
2014-10-31,172.591949
2014-11-03,172.686096
2014-11-04,172.08699
2014-11-05,173.17392
2014-11-06,173.867096
2014-11-07,174.02977
2014-11-10,174.577545
2014-11-11,174.748718
2014-11-12,174.56041
2014-11-13,174.757263
2014-11-14,174.800064
2014-11-17,174.911301
2014-11-18,175.921234
2014-11-19,175.638763
2014-11-20,175.946884
2014-11-21,176.888321
2014-11-24,177.384689
2014-11-25,177.256363
2014-11-26,177.709961
2014-11-28,177.333389
2014-12-01,176.100952
2014-12-02,177.239212
2014-12-03,177.92392
2014-12-04,177.727066
2014-12-05,178.018097
2014-12-08,176.828415
2014-12-09,176.708603
2014-12-10,173.875748
2014-12-11,174.757263
2014-12-12,171.932907
2014-12-15,170.751816
2014-12-16,169.382462
2014-12-17,172.703201
2014-12-18,176.973969
2014-12-19,177.726929
2014-12-22,178.54451
2014-12-23,178.785477
2014-12-24,178.802612
2014-12-26,179.379227
2014-12-29,179.620239
2014-12-30,178.656342
2014-12-31,176.88356
2015-01-02,176.788864
2015-01-05,173.596161
2015-01-06,171.961014
2015-01-07,174.103882
2015-01-08,177.193359
2015-01-09,175.773407
2015-01-12,174.396423
2015-01-13,173.905975
2015-01-14,172.856033
2015-01-15,171.272537
2015-01-16,173.518692
2015-01-20,173.888718
2015-01-21,174.76651
2015-01-22,177.365448
2015-01-23,176.39296
2015-01-26,176.806061
2015-01-27,174.473923
2015-01-28,172.23642
2015-01-29,173.828476
2015-01-30,171.642593
2015-02-02,173.76825
2015-02-03,176.281219
2015-02-04,175.609879
2015-02-05,177.382706
2015-02-06,176.89212
2015-02-09,176.100433
2015-02-10,177.976517
2015-02-11,178.079727
2015-02-12,179.792313
2015-02-13,180.53241
2015-02-17,180.816406
2015-02-18,180.833618
2015-02-19,180.704498
2015-02-20,181.788895
2015-02-23,181.763077
2015-02-24,182.279388
2015-02-25,182.124542
2015-02-26,181.909348
2015-02-27,181.289764
2015-03-02,182.434326
2015-03-03,181.685608
2015-03-04,180.919647
2015-03-05,181.11763
2015-03-06,178.570282
2015-03-09,179.31044
2015-03-10,176.401596
2015-03-11,175.988525
2015-03-12,178.226074
2015-03-13,177.133148
2015-03-16,179.499695
2015-03-17,178.966156
2015-03-18,181.11763
2015-03-19,180.291473
2015-03-20,181.882935
2015-03-23,181.528488
2015-03-24,180.508438
2015-03-25,177.863281
2015-03-26,177.439758
2015-03-27,177.845993
2015-03-30,180.015701
2015-03-31,178.442459
2015-04-01,177.811447
2015-04-02,178.451111
2015-04-06,179.652664
2015-04-07,179.177246
2015-04-08,179.782303
2015-04-09,180.577591
2015-04-10,181.563034
2015-04-13,180.741821
2015-04-14,181.087616
2015-04-15,181.900146
2015-04-16,181.848297
2015-04-17,179.756378
2015-04-20,181.398788
2015-04-21,181.182693
2015-04-22,182.073013
2015-04-23,182.531174
2015-04-24,182.954758
2015-04-27,182.194046
2015-04-28,182.773209
2015-04-29,182.021194
2015-04-30,180.197235
2015-05-01,182.150848
2015-05-04,182.669479
2015-05-05,180.577591
2015-05-06,179.834167
2015-05-07,180.551636
2015-05-08,182.928802
2015-05-11,182.05574
2015-05-12,181.511139
2015-05-13,181.545731
2015-05-14,183.438858
2015-05-15,183.63765
2015-05-18,184.20816
2015-05-19,184.147644
2015-05-20,184.017975
2015-05-21,184.553909
2015-05-22,184.113083
2015-05-26,182.133545
2015-05-27,183.862396
2015-05-28,183.654892
2015-05-29,182.513901
2015-06-01,182.885605
2015-06-02,182.704071
2015-06-03,183.188187
2015-06-04,181.640823
2015-06-05,181.32962
2015-06-08,180.214554
2015-06-09,180.188583
2015-06-10,182.349625
2015-06-11,182.9375
2015-06-12,181.537125
2015-06-15,180.759125
2015-06-16,181.744598
2015-06-17,182.038437
2015-06-18,183.931534
2015-06-19,183.115051
2015-06-22,184.053162
2015-06-23,184.183441
2015-06-24,182.845779
2015-06-25,182.28981
2015-06-26,182.255112
2015-06-29,178.433121
2015-06-30,178.806625
2015-07-01,180.239868
2015-07-02,180.07486
2015-07-06,179.562378
2015-07-07,180.691544
2015-07-08,177.660095
2015-07-09,177.981461
2015-07-10,180.222504
2015-07-13,182.211624
2015-07-14,183.002045
2015-07-15,182.941315
2015-07-16,184.409271
2015-07-17,184.565628
2015-07-20,184.661148
2015-07-21,183.931564
2015-07-22,183.60144
2015-07-23,182.567749
2015-07-24,180.67421
2015-07-27,179.623123
2015-07-28,181.829453
2015-07-29,183.080292
2015-07-30,183.123734
2015-07-31,182.845779
2015-08-03,182.229034
2015-08-04,181.87291
2015-08-05,182.472275
2015-08-06,180.97821
2015-08-07,180.630753
2015-08-10,182.90657
2015-08-11,181.256165
2015-08-12,181.473297
2015-08-13,181.247482
2015-08-14,181.907623
2015-08-17,182.923904
2015-08-18,182.394073
2015-08-19,180.952148
2015-08-20,177.173676
2015-08-21,171.84024
2015-08-24,164.604599
2015-08-25,162.667557
2015-08-26,168.91301
2015-08-27,173.091064
2015-08-28,173.099762
2015-08-31,171.701248
2015-09-01,166.576447
2015-09-02,169.738174
2015-09-03,169.859772
2015-09-04,167.288666
2015-09-08,171.492828
2015-09-09,169.199615
2015-09-10,170.120392
2015-09-11,170.893448
2015-09-14,170.259323
2015-09-15,172.387512
2015-09-16,173.881516
2015-09-17,173.490601
2015-09-18,170.655548
2015-09-21,171.53743
2015-09-22,169.310944
2015-09-23,169.040253
2015-09-24,168.429031
2015-09-25,168.385391
2015-09-28,164.159363
2015-09-29,164.255447
2015-09-30,167.32016
2015-10-01,167.756729
2015-10-02,170.26265
2015-10-05,173.292419
2015-10-06,172.698685
2015-10-07,174.113205
2015-10-08,175.68486
2015-10-09,175.789612
2015-10-12,175.955521
2015-10-13,174.846664
2015-10-14,174.008408
2015-10-15,176.680222
2015-10-16,177.483505
2015-10-19,177.570816
2015-10-20,177.343826
2015-10-21,176.243668
2015-10-22,179.221039
2015-10-23,181.185608
2015-10-26,180.740372
2015-10-27,180.391129
2015-10-28,182.442963
2015-10-29,182.338196
2015-10-30,181.552353
2015-11-02,183.700272
2015-11-03,184.232895
2015-11-04,183.674118
2015-11-05,183.490723
2015-11-06,183.394699
2015-11-09,181.683319
2015-11-10,182.102478
2015-11-11,181.386444
2015-11-12,178.854401
2015-11-13,176.8461
2015-11-16,179.5354
2015-11-17,179.404419
2015-11-18,182.250885
2015-11-19,182.093735
2015-11-20,182.757309
2015-11-23,182.547745
2015-11-24,182.792206
2015-11-25,182.766006
2015-11-27,182.975601
2015-11-30,182.215958
2015-12-01,183.953445
2015-12-02,182.076233
2015-12-03,179.526688
2015-12-04,183.028
2015-12-07,181.919098
2015-12-08,180.696701
2015-12-09,179.29097
2015-12-10,179.753708
2015-12-11,176.269867
2015-12-14,177.160446
2015-12-15,179.020264
2015-12-16,181.639664
2015-12-17,178.871811
2015-12-18,175.685211
2015-12-21,177.134445
2015-12-22,178.741867
2015-12-23,180.955231
2015-12-24,180.656586
2015-12-28,180.243805
2015-12-29,182.167358
2015-12-30,180.87619
2015-12-31,179.066833
2016-01-04,176.563553
2016-01-05,176.862198
2016-01-06,174.63118
2016-01-07,170.441589
2016-01-08,168.570679
2016-01-11,168.737549
2016-01-12,170.09903
2016-01-13,165.856613
2016-01-14,168.579437
2016-01-15,164.960724
2016-01-19,165.180344
2016-01-20,163.063492
2016-01-21,163.976959
2016-01-22,167.341003
2016-01-25,164.811386
2016-01-26,167.059921
2016-01-27,165.241791
2016-01-28,166.102493
2016-01-29,170.151672
2016-02-01,170.090225
2016-02-02,167.024826
2016-02-03,168.026108
2016-02-04,168.289642
2016-02-05,165.083633
2016-02-08,162.861481
2016-02-09,162.870255
2016-02-10,162.729736
2016-02-11,160.6129
2016-02-12,163.92424
2016-02-16,166.691025
2016-02-17,169.413864
2016-02-18,168.719971
2016-02-19,168.640945
2016-02-22,171.082748
2016-02-23,168.921967
2016-02-24,169.694916
2016-02-25,171.750259
2016-02-26,171.355026
2016-02-29,170.011124
2016-03-01,174.007568
2016-03-02,174.789307
2016-03-03,175.474457
2016-03-04,176.045334
2016-03-07,176.185883
2016-03-08,174.262299
2016-03-09,175.123062
2016-03-10,175.263611
2016-03-11,178.091843
2016-03-14,177.86351
2016-03-15,177.573624
2016-03-16,178.601303
2016-03-17,179.734375
2016-03-18,180.440628
2016-03-21,180.696671
2016-03-22,180.599548
2016-03-23,179.407684
2016-03-24,179.328232
2016-03-28,179.434128
2016-03-29,181.093933
2016-03-30,181.888565
2016-03-31,181.447144
2016-04-01,182.683136
2016-04-04,182.091599
2016-04-05,180.272903
2016-04-06,182.241699
2016-04-07,180.060974
2016-04-08,180.54657
2016-04-11,180.122818
2016-04-12,181.800247
2016-04-13,183.636642
2016-04-14,183.645462
2016-04-15,183.442383
2016-04-18,184.731384
2016-04-19,185.314026
2016-04-20,185.490616
2016-04-21,184.493042
2016-04-22,184.493042
2016-04-25,184.175156
2016-04-26,184.448853
2016-04-27,184.828491
2016-04-28,183.151001
2016-04-29,182.162262
2016-05-02,183.610107
2016-05-03,182.012146
2016-05-04,180.996826
2016-05-05,180.961517
2016-05-06,181.623688
2016-05-09,181.773743
2016-05-10,184.03392
2016-05-11,182.312302
2016-05-12,182.365265
2016-05-13,180.776108
2016-05-16,182.559525
2016-05-17,180.855576
2016-05-18,180.908539
2016-05-19,180.281693
2016-05-20,181.420624
2016-05-23,181.173447
2016-05-24,183.52182
2016-05-25,184.766678
2016-05-26,184.819672
2016-05-27,185.614243
2016-05-31,185.261078
2016-06-01,185.640732
2016-06-02,186.205795
2016-06-03,185.649551
2016-06-06,186.594269
2016-06-07,186.88562
2016-06-08,187.494766
2016-06-09,187.238708
2016-06-10,185.464157
2016-06-13,184.03392
2016-06-14,183.671906
2016-06-15,183.415909
2016-06-16,183.963257
2016-06-17,183.278168
2016-06-20,184.458511
2016-06-21,184.982086
2016-06-22,184.680344
2016-06-23,187.085342
2016-06-24,180.367264
2016-06-27,177.136932
2016-06-28,180.331818
2016-06-29,183.402405
2016-06-30,185.905029
2016-07-01,186.295532
2016-07-05,184.955475
2016-07-06,186.064819
2016-07-07,185.949417
2016-07-08,188.718277
2016-07-11,189.38385
2016-07-12,190.759415
2016-07-13,190.732834
2016-07-14,191.797775
2016-07-15,191.540451
2016-07-18,192.055099
2016-07-19,191.859924
2016-07-20,192.658585
2016-07-21,191.930878
2016-07-22,192.791748
2016-07-25,192.268173
2016-07-26,192.356873
2016-07-27,192.152771
2016-07-28,192.374664
2016-07-29,192.685242
2016-08-01,192.525513
2016-08-02,191.291916
2016-08-03,191.851013
2016-08-04,192.055099
2016-08-05,193.625931
2016-08-08,193.510574
2016-08-09,193.625931
2016-08-10,193.146713
2016-08-11,194.04303
2016-08-12,193.87442
2016-08-15,194.433548
2016-08-16,193.43071
2016-08-17,193.79451
2016-08-18,194.229416
2016-08-19,193.945419
2016-08-22,193.936569
2016-08-23,194.327011
2016-08-24,193.333084
2016-08-25,193.199982
2016-08-26,192.83606
2016-08-29,193.785675
2016-08-30,193.466187
2016-08-31,192.916
2016-09-01,192.924835
2016-09-02,193.79451
2016-09-06,194.380234
2016-09-07,194.362534
2016-09-08,193.918793
2016-09-09,189.27739
2016-09-12,191.992981
2016-09-13,189.233017
2016-09-14,189.161987
2016-09-15,191.052322
2016-09-16,190.313766
2016-09-19,190.349426
2016-09-20,190.358398
2016-09-21,192.4991
2016-09-22,193.712097
2016-09-23,192.650681
2016-09-26,191.089767
2016-09-27,192.276047
2016-09-28,193.230438
2016-09-29,191.482224
2016-09-30,192.927216
2016-10-03,192.463318
2016-10-04,191.482224
2016-10-05,192.329559
2016-10-06,192.463318
2016-10-07,191.803299
2016-10-10,192.802338
2016-10-11,190.367279
2016-10-12,190.617035
2016-10-13,189.992691
2016-10-14,190.09082
2016-10-17,189.430725
2016-10-18,190.617035
2016-10-19,191.125443
2016-10-20,190.768661
2016-10-21,190.857864
2016-10-24,191.66951
2016-10-25,191.027328
2016-10-26,190.643799
2016-10-27,190.135361
2016-10-28,189.573456
2016-10-31,189.582397
2016-11-01,188.208786
2016-11-02,187.076035
2016-11-03,186.219727
2016-11-04,186.014603
2016-11-07,190.117569
2016-11-08,190.973846
2016-11-09,192.99852
2016-11-10,193.480179
2016-11-11,193.03421
2016-11-14,193.185822
2016-11-15,194.693176
2016-11-16,194.32753
2016-11-17,195.326508
2016-11-18,194.88945
2016-11-21,196.36116
2016-11-22,196.74469
2016-11-23,196.8517
2016-11-25,197.58313
2016-11-28,196.655502
2016-11-29,197.039032
2016-11-30,196.566299
2016-12-01,195.843826
2016-12-02,195.94194
2016-12-05,197.119308
2016-12-06,197.743683
2016-12-07,200.330307
2016-12-08,200.820831
2016-12-09,202.033875
2016-12-12,201.801956
2016-12-13,203.148788
2016-12-14,201.47197
2016-12-15,202.301483
2016-12-16,201.905792
2016-12-19,202.345474
2016-12-20,203.125992
2016-12-21,202.560791
2016-12-22,202.210861
2016-12-23,202.506958
2016-12-27,203.009354
2016-12-28,201.331589
2016-12-29,201.286743
2016-12-30,200.551086
2017-01-03,202.085281
2017-01-04,203.287476
2017-01-05,203.125992
2017-01-06,203.852768
2017-01-09,203.179855
2017-01-10,203.179855
2017-01-11,203.754044
2017-01-12,203.242645
2017-01-13,203.709198
2017-01-17,202.991394
2017-01-18,203.440063
2017-01-19,202.686401
2017-01-20,203.431061
2017-01-23,202.901688
2017-01-24,204.202652
2017-01-25,205.970139
2017-01-26,205.754822
2017-01-27,205.431808
2017-01-30,204.157776
2017-01-31,204.139832
2017-02-01,204.220581
2017-02-02,204.355179
2017-02-03,205.763809
2017-02-06,205.395935
2017-02-07,205.404892
2017-02-08,205.674103
2017-02-09,206.894302
2017-02-10,207.710709
2017-02-13,208.841187
2017-02-14,209.675568
2017-02-15,210.770142
2017-02-16,210.590714
2017-02-17,210.922714
2017-02-21,212.178772
2017-02-22,211.990356
2017-02-23,212.133896
2017-02-24,212.403061
2017-02-27,212.735031
2017-02-28,212.160812
2017-03-01,215.130539
2017-03-02,213.775787
2017-03-03,213.9104
2017-03-06,213.273376
2017-03-07,212.636353
2017-03-08,212.241577
2017-03-09,212.510712
2017-03-10,213.255417
2017-03-13,213.363068
2017-03-14,212.546631
2017-03-15,214.385864
2017-03-16,213.964172
2017-03-17,213.588425
2017-03-20,213.354141
2017-03-21,210.614746
2017-03-22,211.110397
2017-03-23,210.885117
2017-03-24,210.731918
2017-03-27,210.515625
2017-03-28,212.047562
2017-03-29,212.245758
2017-03-30,212.921616
2017-03-31,212.426041
2017-04-03,212.056549
2017-04-04,212.191711
2017-04-05,211.560944
2017-04-06,212.155655
2017-04-07,211.939407
2017-04-10,212.065536
2017-04-11,211.813248
2017-04-12,210.885117
2017-04-13,209.515442
2017-04-17,211.371704
2017-04-18,210.740936
2017-04-19,210.35347
2017-04-20,212.065536
2017-04-21,211.389725
2017-04-24,213.714569
2017-04-25,214.958099
2017-04-26,214.822906
2017-04-27,215.003174
2017-04-28,214.534561
2017-05-01,215.075241
2017-05-02,215.156326
2017-05-03,214.89502
2017-05-04,215.147293
2017-05-05,215.994354
2017-05-08,215.958344
2017-05-09,215.760101
2017-05-10,216.147537
2017-05-11,215.706024
2017-05-12,215.345551
2017-05-15,216.535004
2017-05-16,216.336761
2017-05-17,212.498077
2017-05-18,213.354141
2017-05-19,214.741821
2017-05-22,215.832153
2017-05-23,216.309769
2017-05-24,216.814362
2017-05-25,217.850647
2017-05-26,217.805618
2017-05-30,217.616333
2017-05-31,217.562332
2017-06-01,219.292419
2017-06-02,220.022308
2017-06-05,219.860107
2017-06-06,219.157272
2017-06-07,219.562759
2017-06-08,219.670898
2017-06-09,219.337433
2017-06-12,219.292419
2017-06-13,220.364716
2017-06-14,220.085388
2017-06-15,219.661865
2017-06-16,219.709854
2017-06-19,221.538971
2017-06-20,220.044876
2017-06-21,219.99057
2017-06-22,219.890976
2017-06-23,220.153564
2017-06-26,220.298416
2017-06-27,218.523666
2017-06-28,220.479523
2017-06-29,218.541809
2017-06-30,218.949219
2017-07-03,219.320511
2017-07-05,219.82756
2017-07-06,217.817368
2017-07-07,219.22998
2017-07-10,219.465347
2017-07-11,219.302383
2017-07-12,220.950348
2017-07-13,221.32164
2017-07-14,222.353882
2017-07-17,222.326736
2017-07-18,222.444473
2017-07-19,223.648773
2017-07-20,223.748398
2017-07-21,223.549194
2017-07-24,223.494827
2017-07-25,224.038147
2017-07-26,224.047195
2017-07-27,223.838882
2017-07-28,223.576309
2017-07-31,223.449554
2017-08-01,223.947586
2017-08-02,224.056213
2017-08-03,223.621582
2017-08-04,224.029083
2017-08-07,224.445587
2017-08-08,223.893219
2017-08-09,223.884186
2017-08-10,220.724014
2017-08-11,221.049988
2017-08-14,223.241287
2017-08-15,223.214096
2017-08-16,223.6035
2017-08-17,220.11731
2017-08-18,219.77327
2017-08-21,219.945282
2017-08-22,222.245255
2017-08-23,221.44841
2017-08-24,220.932297
2017-08-25,221.44841
2017-08-28,221.457474
2017-08-29,221.711014
2017-08-30,222.761353
2017-08-31,224.101471
2017-09-01,224.418427
2017-09-05,222.806686
2017-09-06,223.567276
2017-09-07,223.540115
2017-09-08,223.277527
2017-09-11,225.658981
2017-09-12,226.419586
2017-09-13,226.528275
2017-09-14,226.45578
2017-09-15,226.760666
2017-09-18,227.24295
2017-09-19,227.470474
2017-09-20,227.552322
2017-09-21,226.942657
2017-09-22,226.988159
2017-09-25,226.524048
2017-09-26,226.660553
2017-09-27,227.543274
2017-09-28,227.816254
2017-09-29,228.61702
2017-10-02,229.608948
2017-10-03,230.100342
2017-10-04,230.373322
2017-10-05,231.738327
2017-10-06,231.474411
2017-10-09,231.092224
2017-10-10,231.701904
2017-10-11,232.065918
2017-10-12,231.720108
2017-10-13,232.002197
2017-10-16,232.3116
2017-10-17,232.475403
2017-10-18,232.702896
2017-10-19,232.766571
2017-10-20,233.967804
2017-10-23,233.057785
2017-10-24,233.467285
2017-10-25,232.3116
2017-10-26,232.611938
2017-10-27,234.513809
2017-10-30,233.640182
2017-10-31,234.004211
2017-11-01,234.313568
2017-11-02,234.404617
2017-11-03,235.18718
2017-11-06,235.551147
2017-11-07,235.38739
2017-11-08,235.787781
2017-11-09,234.932388
2017-11-10,234.859589
2017-11-13,235.077988
2017-11-14,234.531982
2017-11-15,233.358109
2017-11-16,235.341873
2017-11-17,234.650238
2017-11-20,235.050644
2017-11-21,236.588562
2017-11-22,236.379257
2017-11-24,236.925262
2017-11-27,236.806976
2017-11-28,239.209351
2017-11-29,239.063766
2017-11-30,241.156738
2017-12-01,240.656189
2017-12-04,240.365067
2017-12-05,239.500534
2017-12-06,239.546021
2017-12-07,240.301315
2017-12-08,241.611725
2017-12-11,242.339722
2017-12-12,242.767395
2017-12-13,242.740128
2017-12-14,241.748184
2017-12-15,243.761383
2017-12-18,245.307083
2017-12-19,244.36496
2017-12-20,244.236954
2017-12-21,244.739975
2017-12-22,244.675949
2017-12-26,244.38324
2017-12-27,244.502243
2017-12-28,245.005234
2017-12-29,244.081451
2018-01-02,245.82843
2018-01-03,247.383331
2018-01-04,248.425995
2018-01-05,250.081512
2018-01-08,250.538803
2018-01-09,251.105911
2018-01-10,250.721786
2018-01-11,252.551041
2018-01-12,254.197357
2018-01-16,253.328461
2018-01-17,255.74324
2018-01-18,255.313309
2018-01-19,256.474854
2018-01-22,258.560272
2018-01-23,259.10907
2018-01-24,259.008392
2018-01-25,259.118225
2018-01-26,262.118195
2018-01-29,260.380402
2018-01-30,257.709625
2018-01-31,257.837708
2018-02-01,257.545013
2018-02-02,251.938293
2018-02-05,241.401627
2018-02-06,246.15773
2018-02-07,244.822327
2018-02-08,235.639328
2018-02-09,239.179016
2018-02-12,242.691238
2018-02-13,243.29483
2018-02-14,246.57843
2018-02-15,249.724792
2018-02-16,249.798004
2018-02-20,248.233978
2018-02-21,246.999176
2018-02-22,247.319336
2018-02-23,251.261398
2018-02-26,254.179153
2018-02-27,251.005356
2018-02-28,248.462601
2018-03-01,244.849838
2018-03-02,246.111938
2018-03-05,248.956528
2018-03-06,249.587662
2018-03-07,249.496124
2018-03-08,250.703522
2018-03-09,255.066284
2018-03-12,254.746124
2018-03-13,253.099854
2018-03-14,251.80101
2018-03-15,251.526688
2018-03-16,251.799362
2018-03-19,248.392456
2018-03-20,248.81488
2018-03-21,248.337402
2018-03-22,242.129608
2018-03-23,236.96875
2018-03-26,243.451981
2018-03-27,239.31041
2018-03-28,238.603317
2018-03-29,241.652115
2018-04-02,236.436157
2018-04-03,239.466553
2018-04-04,242.028641
2018-04-05,243.938736
2018-04-06,238.50235
2018-04-09,239.677765
2018-04-10,243.488739
2018-04-11,242.212296
2018-04-12,244.205002
2018-04-13,243.488739
2018-04-16,245.490646
2018-04-17,248.116959
2018-04-18,248.300705
2018-04-19,246.923218
2018-04-20,244.829468
2018-04-23,244.79274
2018-04-24,241.495987
2018-04-25,242.092926
2018-04-26,244.55397
2018-04-27,244.783569
2018-04-30,242.901093
2018-05-01,243.332626
2018-05-02,241.69809
2018-05-03,241.165436
2018-05-04,244.287659
2018-05-07,245.11412
2018-05-08,245.11412
2018-05-09,247.483398
2018-05-10,249.79747
2018-05-11,250.559631
2018-05-14,250.679047
2018-05-15,248.952667
2018-05-16,249.999557
2018-05-17,249.788361
2018-05-18,249.163849
2018-05-21,251.03717
2018-05-22,250.33931
2018-05-23,251.027954
2018-05-24,250.513733
2018-05-25,249.916931
2018-05-29,247.042557
2018-05-30,250.33931
2018-05-31,248.805771
2018-06-01,251.248352
2018-06-04,252.442245
2018-06-05,252.62587
2018-06-06,254.737976
2018-06-07,254.710449
2018-06-08,255.46347
2018-06-11,255.803207
2018-06-12,256.133789
2018-06-13,255.316513
2018-06-14,255.95929
2018-06-15,255.632751
2018-06-18,255.106995
2018-06-19,254.129196
2018-06-20,254.562775
2018-06-21,252.96698
2018-06-22,253.428177
2018-06-25,249.978317
2018-06-26,250.531769
2018-06-27,248.456299
2018-06-28,249.876846
2018-06-29,250.236572
2018-07-02,250.771591
2018-07-03,249.886017
2018-07-05,251.924667
2018-07-06,254.055389
2018-07-09,256.343079
2018-07-10,257.265564
2018-07-11,255.383743
2018-07-12,257.698975
2018-07-13,257.902008
2018-07-16,257.671326
2018-07-17,258.713776
2018-07-18,259.257904
2018-07-19,258.280243
2018-07-20,257.984894
2018-07-23,258.4646
2018-07-24,259.76532
2018-07-25,261.979034
2018-07-26,261.361023
2018-07-27,259.590088
2018-07-30,258.234039
2018-07-31,259.50705
2018-08-01,259.073456
2018-08-02,260.484802
2018-08-03,261.600891
2018-08-06,262.560272
2018-08-07,263.427246
2018-08-08,263.31665
2018-08-09,262.956879
2018-08-10,261.195068
2018-08-13,260.217194
2018-08-14,261.877686
2018-08-15,259.92215
2018-08-16,262.025269
2018-08-17,262.947601
2018-08-20,263.510315
2018-08-21,264.128296
2018-08-22,263.971588
2018-08-23,263.621094
2018-08-24,265.207611
2018-08-27,267.301453
2018-08-28,267.430664
2018-08-29,268.869598
2018-08-30,267.78125
2018-08-31,267.790375
2018-09-04,267.329193
2018-09-05,266.60965
2018-09-06,265.80719
2018-09-07,265.290619
2018-09-10,265.751892
2018-09-11,266.628143
2018-09-12,266.692657
2018-09-13,268.269989
2018-09-14,268.316193
2018-09-17,266.895599
2018-09-18,268.343811
2018-09-19,268.629822
2018-09-20,270.806671
2018-09-21,270.559326
2018-09-24,269.660583
2018-09-25,269.4104
2018-09-26,268.604218
2018-09-27,269.354767
2018-09-28,269.382507
2018-10-01,270.318451
2018-10-02,270.160858
2018-10-03,270.309143
2018-10-04,268.196533
2018-10-05,266.695435
2018-10-08,266.695435
2018-10-09,266.306213
2018-10-10,257.874054
2018-10-11,252.194046
2018-10-12,255.69664
2018-10-15,254.26033
2018-10-16,259.820007
2018-10-17,259.866333
2018-10-18,256.113586
2018-10-19,255.974579
2018-10-22,254.825653
2018-10-23,253.528305
2018-10-24,245.846802
2018-10-25,250.257446
2018-10-26,245.856033
2018-10-29,244.493958
2018-10-30,248.116943
2018-10-31,250.767059
2018-11-01,253.435654
2018-11-02,251.934555
2018-11-05,253.324539
2018-11-06,254.92749
2018-11-07,260.385162
2018-11-08,259.912628
2018-11-09,257.373779
2018-11-12,252.564621
2018-11-13,252.092102
2018-11-14,250.368637
2018-11-15,252.981628
2018-11-16,253.639511
2018-11-19,249.349319
2018-11-20,244.734848
2018-11-21,245.568832
2018-11-23,243.928711
2018-11-26,247.86676
2018-11-27,248.700729
2018-11-28,254.4272
2018-11-29,253.87117
2018-11-30,255.41861
2018-12-03,258.800659
2018-12-04,250.414978
2018-12-06,250.035019
2018-12-07,244.22522
2018-12-10,244.688538
2018-12-11,244.744156
2018-12-12,245.976547
2018-12-13,245.893158
2018-12-14,241.352783
2018-12-17,236.617798
2018-12-18,236.358322
2018-12-19,232.81871
2018-12-20,229.0289
2018-12-21,224.336182
2018-12-24,218.408569
2018-12-26,229.443619
2018-12-27,231.205154
2018-12-28,230.906906
2018-12-31,232.929382
2019-01-02,233.171722
2019-01-03,227.60762
2019-01-04,235.231491
2019-01-07,237.086182
2019-01-08,239.313705
2019-01-09,240.432144
2019-01-10,241.280243
2019-01-11,241.373459
2019-01-14,239.900879
2019-01-15,242.65033
2019-01-16,243.237534
2019-01-17,245.082855
2019-01-18,248.34491
2019-01-22,244.989685
2019-01-23,245.502274
2019-01-24,245.632813
2019-01-25,247.711182
2019-01-28,245.828491
2019-01-29,245.502274
2019-01-30,249.388824
2019-01-31,251.579025
2019-02-01,251.700211
2019-02-04,253.471054
2019-02-05,254.533539
2019-02-06,254.197968
2019-02-07,251.774796
2019-02-08,252.082367
2019-02-11,252.222092
2019-02-12,255.465561
2019-02-13,256.295013
2019-02-14,255.726517
2019-02-15,258.513275
2019-02-19,258.960571
2019-02-20,259.482452
2019-02-21,258.559814
2019-02-22,260.162933
2019-02-25,260.517059
2019-02-26,260.330688
2019-02-27,260.218811
2019-02-28,259.734131
2019-03-01,261.355957
2019-03-04,260.405212
2019-03-05,260.051056
2019-03-06,258.475952
2019-03-07,256.31366
2019-03-08,255.801102
2019-03-11,259.510498
2019-03-12,260.489136
2019-03-13,262.213379
2019-03-14,262.045532
2019-03-15,263.34024
2019-03-18,264.295105
2019-03-19,264.360596
2019-03-20,263.56488
2019-03-21,266.541809
2019-03-22,261.411804
2019-03-25,261.21524
2019-03-26,263.162384
2019-03-27,261.786224
2019-03-28,262.778503
2019-03-29,264.435516
2019-04-01,267.571503
2019-04-02,267.702545
2019-04-03,268.12381
2019-04-04,268.835236
2019-04-05,270.136475
2019-04-08,270.342407
2019-04-09,268.95697
2019-04-10,269.87442
2019-04-11,269.799438
2019-04-12,271.624908
2019-04-15,271.447021
2019-04-16,271.624908
2019-04-17,270.960266
2019-04-18,271.493805
2019-04-22,271.727875
2019-04-23,274.171143
2019-04-24,273.562683
2019-04-25,273.394165
2019-04-26,274.667297
2019-04-29,275.0979
2019-04-30,275.238312
2019-05-01,273.169525
2019-05-02,272.579712
2019-05-03,275.24765
2019-05-06,274.11499
2019-05-07,269.537323
2019-05-08,269.162903
2019-05-09,268.348419
2019-05-10,269.696472
2019-05-13,262.918915
2019-05-14,265.296722
2019-05-15,266.850677
2019-05-16,269.322052
2019-05-17,267.580841
2019-05-20,265.811584
2019-05-21,268.208069
2019-05-22,267.384308
2019-05-23,264.117188
2019-05-24,264.716339
2019-05-28,262.254272
2019-05-29,260.494385
2019-05-30,261.205841
2019-05-31,257.685974
2019-06-03,257.030792
2019-06-04,262.610046
2019-06-05,264.884827
2019-06-06,266.607269
2019-06-07,269.275269
2019-06-10,270.510925
2019-06-11,270.445374
2019-06-12,269.967987
2019-06-13,271.082001
2019-06-14,270.78244
2019-06-17,270.885284
2019-06-18,273.721771
2019-06-19,274.33963
2019-06-20,276.960846
2019-06-21,276.558167
2019-06-24,276.219574
2019-06-25,273.510376
2019-06-26,273.237579
2019-06-27,274.206482
2019-06-28,275.617554
2019-07-01,278.11972
2019-07-02,278.844025
2019-07-03,281.073395
2019-07-05,280.753632
2019-07-08,279.210846
2019-07-09,279.558929
2019-07-10,280.894684
2019-07-11,281.553131
2019-07-12,282.813629
2019-07-15,282.907745
2019-07-16,281.995239
2019-07-17,280.076324
2019-07-18,281.101624
2019-07-19,279.540161
2019-07-22,280.226807
2019-07-23,282.230469
2019-07-24,283.556763
2019-07-25,282.20224
2019-07-26,284.092957
2019-07-29,283.575623
2019-07-30,282.879547
2019-07-31,279.784668
2019-08-01,277.348297
2019-08-02,275.260071
2019-08-05,266.982117
2019-08-06,270.726013
2019-08-07,270.885925
2019-08-08,276.200775
2019-08-09,274.319305
2019-08-12,270.980011
2019-08-13,275.194183
2019-08-14,267.057404
2019-08-15,267.762878
2019-08-16,271.713715
2019-08-19,274.987274
2019-08-20,272.880127
2019-08-21,275.100159
2019-08-22,275.015411
2019-08-23,267.950989
2019-08-26,270.914124
2019-08-27,269.851196
2019-08-28,271.751343
2019-08-29,275.222382
2019-08-30,275.100159
2019-09-03,273.491577
2019-09-04,276.595795
2019-09-05,280.151611
2019-09-06,280.367889
2019-09-09,280.509003
2019-09-10,280.443085
2019-09-11,282.437408
2019-09-12,283.41571
2019-09-13,283.2276
2019-09-16,282.352753
2019-09-17,283.067627
2019-09-18,283.236969
2019-09-19,283.21817
2019-09-20,281.880035
2019-09-23,281.813904
2019-09-24,279.602539
2019-09-25,281.256317
2019-09-26,280.670441
2019-09-27,279.158325
2019-09-30,280.452972
2019-10-01,277.117096
2019-10-02,272.221893
2019-10-03,274.452179
2019-10-04,278.166077
2019-10-07,276.966003
2019-10-08,272.666077
2019-10-09,275.255432
2019-10-10,277.117096
2019-10-11,279.98999
2019-10-14,279.678162
2019-10-15,282.447144
2019-10-16,281.993317
2019-10-17,282.825012
2019-10-18,281.587067
2019-10-21,283.496033
2019-10-22,282.569824
2019-10-23,283.392059
2019-10-24,283.855103
2019-10-25,285.017517
2019-10-28,286.624023
2019-10-29,286.538971
2019-10-30,287.417816
2019-10-31,286.652344
2019-11-01,289.307861
2019-11-04,290.470245
2019-11-05,290.148895
2019-11-06,290.215149
2019-11-07,291.235718
2019-11-08,291.953888
2019-11-11,291.396271
2019-11-12,292.01059
2019-11-13,292.105133
2019-11-14,292.530365
2019-11-15,294.647186
2019-11-18,294.864594
2019-11-19,294.779449
2019-11-20,293.683289
2019-11-21,293.210754
2019-11-22,293.862823
2019-11-25,296.140289
2019-11-26,296.81134
2019-11-27,298.134338
2019-11-29,297.028687
2019-12-02,294.505463
2019-12-03,292.530365
2019-12-04,294.335327
2019-12-05,294.864594
2019-12-06,297.557861
2019-12-09,296.622314
2019-12-10,296.291565
2019-12-11,297.132568
2019-12-12,299.693573
2019-12-13,299.873169
2019-12-16,301.933258
2019-12-17,301.999481
2019-12-18,302.018341
2019-12-19,303.256317
2019-12-20,304.585907
2019-12-23,305.051147
2019-12-24,305.060669
2019-12-26,306.68457
2019-12-27,306.608612
2019-12-30,304.918243
2019-12-31,305.658966
2020-01-02,308.517487
2020-01-03,306.181274
2020-01-06,307.349365
2020-01-07,306.485138
2020-01-08,308.118622
2020-01-09,310.207855
2020-01-10,309.315155
2020-01-13,311.442444
2020-01-14,310.967621
2020-01-15,311.670288
2020-01-16,314.262939
2020-01-17,315.241119
2020-01-21,314.623718
2020-01-22,314.661774
2020-01-23,315.022644
2020-01-24,312.221161
2020-01-27,307.216461
2020-01-28,310.435822
2020-01-29,310.179413
2020-01-30,311.186035
2020-01-31,305.535492
2020-02-03,307.805176
2020-02-04,312.496552
2020-02-05,316.105255
2020-02-06,317.168823
2020-02-07,315.478516
2020-02-10,317.833679
2020-02-11,318.384552
2020-02-12,320.435791
2020-02-13,320.093842
2020-02-14,320.606659
2020-02-18,319.780487
2020-02-19,321.309387
2020-02-20,319.989471
2020-02-21,316.694031
2020-02-24,306.190796
2020-02-25,296.912567
2020-02-26,295.820435
2020-02-27,282.534607
2020-02-28,281.347565
2020-03-02,293.531799
2020-03-03,285.127197
2020-03-04,297.111938
2020-03-05,287.235474
2020-03-06,282.487091
2020-03-09,260.426453
2020-03-10,273.902191
2020-03-11,260.549835
2020-03-12,235.621231
2020-03-13,255.763596
2020-03-16,227.776978
2020-03-17,240.075165
2020-03-18,227.919418
2020-03-19,228.403763
2020-03-20,218.560898
2020-03-23,212.972687
2020-03-24,232.268692
2020-03-25,235.745804
2020-03-26,249.510956
2020-03-27,242.079086
2020-03-30,249.940781
2020-03-31,246.215332
2020-04-01,235.134445
2020-04-02,240.560272
2020-04-03,237.08316
2020-04-06,253.007111
2020-04-07,253.265091
2020-04-08,261.766785
2020-04-09,265.750183
2020-04-13,263.323853
2020-04-14,271.090027
2020-04-15,265.329834
2020-04-16,266.609894
2020-04-17,273.812439
2020-04-20,268.988434
2020-04-21,260.821045
2020-04-22,266.609894
2020-04-23,266.590759
2020-04-24,270.306702
2020-04-27,274.204132
2020-04-28,272.943146
2020-04-29,280.088379
2020-04-30,277.480591
2020-05-01,270.134796
2020-05-04,270.879913
2020-05-05,273.382599
2020-05-06,271.529419
2020-05-07,274.805908
2020-05-08,279.352875
2020-05-11,279.410217
2020-05-12,273.841095
2020-05-13,268.998016
2020-05-14,272.217194
2020-05-15,273.468597
2020-05-18,281.79834
2020-05-19,278.903931
2020-05-20,283.641968
2020-05-21,281.683746
2020-05-22,282.218628
2020-05-26,285.69574
2020-05-27,289.946564
2020-05-28,289.411682
2020-05-29,290.701202
2020-06-01,291.876251
2020-06-02,294.29303
2020-06-03,298.209503
2020-06-04,297.426178
2020-06-05,305.049103
2020-06-08,308.736389
2020-06-09,306.434204
2020-06-10,304.724304
2020-06-11,287.157318
2020-06-12,290.596161
2020-06-15,293.309052
2020-06-16,298.95459
2020-06-17,297.71283
2020-06-18,297.827454
2020-06-19,296.125366
2020-06-22,298.025085
2020-06-23,299.397095
2020-06-24,291.759827
2020-06-25,294.887665
2020-06-26,287.883606
2020-06-29,292.114807
2020-06-30,295.85672
2020-07-01,297.929108
2020-07-02,299.569855
2020-07-06,304.194336
2020-07-07,301.056946
2020-07-08,303.359558
2020-07-09,301.632629
2020-07-10,304.712402
2020-07-13,302.073944
2020-07-14,305.988556
2020-07-15,308.799713
2020-07-16,307.782684
2020-07-17,308.674927
2020-07-20,311.169525
2020-07-21,311.831604
2020-07-22,313.606537
2020-07-23,309.864716
2020-07-24,307.869019
2020-07-27,310.114136
2020-07-28,308.147308
2020-07-29,311.937103
2020-07-30,310.824127
2020-07-31,313.280334
2020-08-03,315.458313
2020-08-04,316.676849
2020-08-05,318.643707
2020-08-06,320.773651
2020-08-07,321.003967
2020-08-10,321.963409
2020-08-11,319.305664
2020-08-12,323.757538
2020-08-13,323.172333
2020-08-14,323.181854
2020-08-17,324.208557
2020-08-18,324.908905
2020-08-19,323.556122
2020-08-20,324.563477
2020-08-21,325.714874
2020-08-24,329.01535
2020-08-25,330.166687
2020-08-26,333.476868
2020-08-27,334.205963
2020-08-28,336.364777
2020-08-31,335.146271
2020-09-01,338.302856
2020-09-02,343.196106
2020-09-03,331.385193
2020-09-04,328.679565
2020-09-08,319.699036
2020-09-09,326.012268
2020-09-10,320.351563
2020-09-11,320.514587
2020-09-14,324.736237
2020-09-15,326.376892
2020-09-16,325.081635
2020-09-17,322.222412
2020-09-18,318.512787
2020-09-21,314.967865
2020-09-22,318.17569
2020-09-23,310.796844
2020-09-24,311.625244
2020-09-25,316.6633
2020-09-28,321.922882
2020-09-29,320.169678
2020-09-30,322.597198
2020-10-01,324.668243
2020-10-02,321.585663
2020-10-05,327.288422
2020-10-06,322.63562
2020-10-07,328.251709
2020-10-08,331.160858
2020-10-09,334.118164
2020-10-12,339.493286
2020-10-13,337.27771
2020-10-14,335.158478
2020-10-15,334.744293
2020-10-16,334.542053
2020-10-19,329.455811
2020-10-20,330.775513
2020-10-21,330.149384
2020-10-22,331.960358
2020-10-23,333.087433
2020-10-26,326.932007
2020-10-27,325.804962
2020-10-28,314.66925
2020-10-29,317.867401
2020-10-30,314.553711
2020-11-02,318.079346
2020-11-03,323.695313
2020-11-04,330.929626
2020-11-05,337.383698
2020-11-06,337.306671
2020-11-09,341.545135
2020-11-10,341.04425
2020-11-11,343.577698
2020-11-12,340.24469
2020-11-13,344.9552
2020-11-16,349.261108
2020-11-17,347.38269
2020-11-18,343.201965
2020-11-19,344.646973
2020-11-20,342.286896
2020-11-23,344.338654
2020-11-24,349.887238
2020-11-25,349.34787
2020-11-27,350.320801
2020-11-30,348.769806
2020-12-01,352.584442
2020-12-02,353.326172
2020-12-03,353.229889
2020-12-04,356.273926
2020-12-07,355.541779
2020-12-08,356.582184
2020-12-09,353.384003
2020-12-10,353.268433
2020-12-11,352.854218
2020-12-14,351.274384
2020-12-15,356.023438
2020-12-16,356.582184
2020-12-17,358.576172
2020-12-18,357.144409
2020-12-21,355.867432
2020-12-22,355.267639
2020-12-23,355.586914
2020-12-24,356.970276
2020-12-28,360.036926
2020-12-29,359.350128
2020-12-30,359.862793
2020-12-31,361.691193
2021-01-04,356.76712
2021-01-05,359.224304
2021-01-06,361.371918
2021-01-07,366.740997
2021-01-08,368.830627
2021-01-11,366.344452
2021-01-12,366.421753
2021-01-13,367.408478
2021-01-14,366.121887
2021-01-15,363.451843
2021-01-19,366.305664
2021-01-20,371.374847
2021-01-21,371.713409
2021-01-22,370.397797
2021-01-25,371.858582
2021-01-26,371.278137
2021-01-27,362.203918
2021-01-28,365.318909
2021-01-29,358.005432
2021-02-01,363.964569
2021-02-02,369.111084
2021-02-03,369.401337
2021-02-04,373.599884
2021-02-05,375.070282
2021-02-08,377.779053
2021-02-09,377.527496
2021-02-10,377.363068
2021-02-11,377.972504
2021-02-12,379.839569
2021-02-16,379.510651
2021-02-17,379.597748
2021-02-18,377.982208
2021-02-19,377.314697
2021-02-22,374.412476
2021-02-23,374.867126
2021-02-24,378.997925
2021-02-25,369.865692
2021-02-26,367.9599
2021-03-01,376.879333
2021-03-02,373.938507
2021-03-03,368.985382
2021-03-04,364.41925
2021-03-05,371.123322
2021-03-08,369.275574
2021-03-09,374.547913
2021-03-10,376.879333
2021-03-11,380.700592
2021-03-12,381.213287
2021-03-15,383.486694
2021-03-16,383.002991
2021-03-17,384.30896
2021-03-18,378.717438
2021-03-19,378.016632
2021-03-22,381.035156
2021-03-23,378.036041
2021-03-24,376.114288
2021-03-25,378.230194
2021-03-26,384.325378
2021-03-29,384.131256
2021-03-30,383.112122
2021-03-31,384.665039
2021-04-01,388.819031
2021-04-05,394.399811
2021-04-06,394.16687
2021-04-07,394.623077
2021-04-08,396.496246
2021-04-09,399.378815
2021-04-12,399.524475
2021-04-13,400.708557
2021-04-14,399.340088
2021-04-15,403.629944
2021-04-16,404.979034
2021-04-19,402.989349
2021-04-20,400.038849
2021-04-21,403.824066
2021-04-22,400.135864
2021-04-23,404.474335
2021-04-26,405.318695
2021-04-27,405.231354
2021-04-28,405.114899
2021-04-29,407.696625
2021-04-30,405.017822
2021-05-03,405.891388
2021-05-04,403.387299
2021-05-05,403.513519
2021-05-06,406.735779
2021-05-07,409.695953
2021-05-10,405.639008
2021-05-11,402.018738
2021-05-12,393.477814
2021-05-13,398.204468
2021-05-14,404.319031
2021-05-17,403.290253
2021-05-18,399.815643
2021-05-19,398.767395
2021-05-20,403.057343
2021-05-21,402.727325
2021-05-24,406.832794
2021-05-25,405.930176
2021-05-26,406.735779
2021-05-27,406.94928
2021-05-28,407.677216
2021-06-01,407.318054
2021-06-02,407.95871
2021-06-03,406.44455
2021-06-04,410.161865
2021-06-07,409.763916
2021-06-08,409.851318
2021-06-09,409.239777
2021-06-10,411.14212
2021-06-11,411.821472
2021-06-14,412.743591
2021-06-15,411.986511
2021-06-16,409.686249
2021-06-17,409.550415
2021-06-18,404.025391
2021-06-21,409.809418
2021-06-22,412.000336
2021-06-23,411.503754
2021-06-24,413.93811
2021-06-25,415.408417
2021-06-28,416.24588
2021-06-29,416.469818
2021-06-30,416.820404
2021-07-01,419.128143
2021-07-02,422.331757
2021-07-06,421.562469
2021-07-07,423.052307
2021-07-08,419.605255
2021-07-09,424.084473
2021-07-12,425.603546
2021-07-13,424.152679
2021-07-14,424.785583
2021-07-15,423.334747
2021-07-16,420.014252
2021-07-19,413.811493
2021-07-20,419.741608
2021-07-21,423.139923
2021-07-22,424.026031
2021-07-23,428.388428
2021-07-26,429.440063
2021-07-27,427.482849
2021-07-28,427.307617
2021-07-29,429.079834
2021-07-30,426.996002
2021-08-02,426.100159
2021-08-03,429.566681
2021-08-04,427.453644
2021-08-05,430.160645
2021-08-06,430.871429
2021-08-09,430.520935
2021-08-10,431.056519
2021-08-11,432.127655
2021-08-12,433.422668
2021-08-13,434.211426
2021-08-16,435.233856
2021-08-17,432.380768
2021-08-18,427.648346
2021-08-19,428.310516
2021-08-20,431.718658
2021-08-23,435.516235
2021-08-24,436.207642
2021-08-25,437.122955
2021-08-26,434.542511
2021-08-27,438.427704
2021-08-30,440.355743
2021-08-31,439.703369
2021-09-01,439.937012
2021-09-02,441.290558
2021-09-03,441.183411
2021-09-07,439.605957
2021-09-08,439.070374
2021-09-09,437.191101
2021-09-10,433.744049
2021-09-13,434.854034
2021-09-14,432.507355
2021-09-15,436.119965
2021-09-16,435.428619
2021-09-17,431.187073
2021-09-20,423.997375
2021-09-21,423.596893
2021-09-22,427.728973
2021-09-23,432.925842
2021-09-24,433.639008
2021-09-27,432.398407
2021-09-28,423.684784
2021-09-29,424.397888
2021-09-30,419.210754
2021-10-01,424.192719
2021-10-04,418.72229
2021-10-05,423.079102
2021-10-06,424.837463
2021-10-07,428.510468
2021-10-08,427.728973
2021-10-11,424.632355
2021-10-12,423.587067
2021-10-13,425.110931
2021-10-14,432.261597
2021-10-15,435.553619
2021-10-18,436.843109
2021-10-19,440.213318
2021-10-20,441.942352
2021-10-21,443.095001
2021-10-22,442.635895
2021-10-25,445.009674
2021-10-26,445.410187
2021-10-27,443.436951
2021-10-28,447.715546
2021-10-29,448.624054
2021-11-01,449.395813
2021-11-02,451.212769
2021-11-03,453.967499
2021-11-04,456.106812
2021-11-05,457.689331
2021-11-08,458.080078
2021-11-09,456.565918
2021-11-10,452.892975
2021-11-11,453.03949
2021-11-12,456.458496
2021-11-15,456.614807
2021-11-16,458.422028
2021-11-17,457.308411
2021-11-18,458.861603
2021-11-19,458.041016
2021-11-22,456.751587
2021-11-23,457.357239
2021-11-24,458.578339
2021-11-26,448.350555
2021-11-29,453.850311
2021-11-30,445.01947
2021-12-01,440.076538
2021-12-02,446.816864
2021-12-03,442.928925
2021-12-06,448.174713
2021-12-07,457.445129
2021-12-08,458.656464
2021-12-09,455.559814
2021-12-10,459.848206
2021-12-13,455.774689
2021-12-14,452.638947
2021-12-15,459.711456
2021-12-16,455.657471
2021-12-17,450.807953
2021-12-20,446.014374
2021-12-21,453.935089
2021-12-22,458.473877
2021-12-23,461.326538
2021-12-27,467.855286
2021-12-28,467.472961
2021-12-29,468.070984
2021-12-30,466.776947
2021-12-31,465.600616
2022-01-03,468.296417
2022-01-04,468.139557
2022-01-05,459.150299
2022-01-06,458.718933
2022-01-07,456.905396
2022-01-10,456.336823
2022-01-11,460.493286
2022-01-12,461.73822
2022-01-13,455.37616
2022-01-14,455.562408
2022-01-18,447.494568
2022-01-19,442.847961
2022-01-20,437.946503
2022-01-21,429.349335
2022-01-24,431.172668
2022-01-25,425.908478
2022-01-26,424.839996
2022-01-27,422.742126
2022-01-28,433.241089
2022-01-31,441.044281
2022-02-01,444.024353
2022-02-02,448.337646
2022-02-03,437.799469
2022-02-04,439.858093
2022-02-07,438.446442
2022-02-08,442.053955
2022-02-09,448.523865
2022-02-10,440.465881
2022-02-11,431.780457
2022-02-14,430.368805
2022-02-15,437.309326
2022-02-16,437.799469
2022-02-17,428.447479
2022-02-18,425.673218
2022-02-22,421.105072
2022-02-23,413.635254
2022-02-24,419.860077
2022-02-25,429.12384
2022-02-28,428.02594
2022-03-01,421.506989
2022-03-02,429.261108
2022-03-03,427.124054
2022-03-04,423.653839
2022-03-07,411.164856
2022-03-08,408.047546
2022-03-09,418.98761
2022-03-10,417.095642
2022-03-11,411.792267
2022-03-14,408.782745
2022-03-15,417.772095
2022-03-16,427.035828
2022-03-17,432.378448
2022-03-18,437.114166
2022-03-21,436.986359
2022-03-22,442.099701
2022-03-23,436.406158
2022-03-24,442.984741
2022-03-25,445.148102
2022-03-28,448.314423
2022-03-29,453.860474
2022-03-30,451.057953
2022-03-31,444.115601
2022-04-01,445.374237
2022-04-04,449.189606
2022-04-05,443.515717
2022-04-06,439.080872
2022-04-07,441.293396
2022-04-08,440.113403
2022-04-11,432.590851
2022-04-12,430.988037
2022-04-13,435.924347
2022-04-14,430.496338
2022-04-18,430.673309
2022-04-19,437.625519
2022-04-20,437.301056
2022-04-21,430.76181
2022-04-22,418.942078
2022-04-25,421.370941
2022-04-26,409.167694
2022-04-27,410.318176
2022-04-28,420.682587
2022-04-29,405.135986
2022-05-02,407.574677
2022-05-03,409.443024
2022-05-04,421.911743
2022-05-05,406.915833
2022-05-06,404.486969
2022-05-09,391.536407
2022-05-10,392.44104
2022-05-11,386.206726
2022-05-12,385.803528
2022-05-13,395.027252
2022-05-16,393.424408
2022-05-17,401.517303
2022-05-18,385.331512
2022-05-19,382.971466
2022-05-20,383.138672
2022-05-23,390.307251
2022-05-24,387.327728
2022-05-25,390.749725
2022-05-26,398.557434
2022-05-27,408.341705
2022-05-31,406.050476
2022-06-01,402.766144
2022-06-02,410.436218
2022-06-03,403.700317
2022-06-06,404.929474
2022-06-07,408.813629
2022-06-08,404.368988
2022-06-09,394.751923
2022-06-10,383.305847
2022-06-13,368.752411
2022-06-14,367.641266
2022-06-15,372.882446
2022-06-16,360.541504
2022-06-17,361.318756
2022-06-21,370.414459
2022-06-22,369.74292
2022-06-23,373.36734
2022-06-24,385.238129
2022-06-27,383.766632
2022-06-28,375.925171
2022-06-29,375.619019
2022-06-30,372.567383
2022-07-01,376.507874
2022-07-05,377.218903
2022-07-06,378.49292
2022-07-07,384.161682
2022-07-08,383.845642
2022-07-11,379.460785
2022-07-12,376.102966
2022-07-13,374.127777
2022-07-14,373.219208
2022-07-15,380.349579
2022-07-18,377.209076
2022-07-19,387.40097
2022-07-20,389.869904
2022-07-21,393.840027
2022-07-22,390.185944
2022-07-25,390.660004
2022-07-26,386.038086
2022-07-27,396.062103
2022-07-28,401.029663
2022-07-29,406.87616
2022-08-01,405.671326
2022-08-02,402.994965
2022-08-03,409.305634
2022-08-04,409.029114
2022-08-05,408.33783
2022-08-08,407.863739
2022-08-09,406.244141
2022-08-10,414.776886
2022-08-11,414.776886
2022-08-12,421.798645
2022-08-15,423.536774
2022-08-16,424.366364
2022-08-17,421.354187
2022-08-18,422.578827
2022-08-19,416.900238
2022-08-22,408.219299
2022-08-23,407.23172
2022-08-24,408.535339
2022-08-25,414.302856
2022-08-26,400.279083
2022-08-29,397.632385
2022-08-30,393.267212
2022-08-31,390.274841
2022-09-01,391.499451
2022-09-02,387.371338
2022-09-06,385.909698
2022-09-07,392.84256
2022-09-08,395.410309
2022-09-09,401.553101
2022-09-12,405.868866
2022-09-13,388.220642
2022-09-14,389.702057
2022-09-15,385.277649
2022-09-16,382.338409
2022-09-19,385.303406
2022-09-20,380.880676
2022-09-21,374.236664
2022-09-22,371.09314
2022-09-23,364.875549
2022-09-26,361.26593
2022-09-27,360.34375
2022-09-28,367.43399
2022-09-29,359.758667
2022-09-30,354.195526
2022-10-03,363.546722
2022-10-04,374.811798
2022-10-05,373.939148
2022-10-06,370.081696
2022-10-07,359.758667
2022-10-10,357.01178
2022-10-11,354.750854
2022-10-12,353.580688
2022-10-13,362.912079
2022-10-14,354.641785
2022-10-17,363.755005
2022-10-18,368.028961
2022-10-19,365.420959
2022-10-20,362.356781
2022-10-21,371.162598
2022-10-24,375.704315
2022-10-25,381.703735
2022-10-26,378.827972
2022-10-27,376.805023
2022-10-28,385.76947
2022-10-31,382.982941
2022-11-01,381.307068
2022-11-02,371.737732
2022-11-03,367.909973
2022-11-04,373.205353
2022-11-07,376.775299
2022-11-08,378.808136
2022-11-09,371.003906
2022-11-10,391.39212
2022-11-11,395.180206
2022-11-14,391.818512
2022-11-15,395.160339
2022-11-16,392.145752
2022-11-17,390.945862
2022-11-18,392.720917
2022-11-21,391.292938
2022-11-22,396.558594
2022-11-23,399.057526
2022-11-25,398.968262
2022-11-28,392.601898
2022-11-29,391.927612
2022-11-30,404.27356
2022-12-01,403.976074
2022-12-02,403.51001
2022-12-05,396.25116
2022-12-06,390.539276
2022-12-07,389.874878
2022-12-08,392.929138
2022-12-09,389.993896
2022-12-12,395.616516
2022-12-13,398.611298
2022-12-14,396.062775
2022-12-15,386.37439
2022-12-16,381.812805
2022-12-19,378.575165
2022-12-20,379.093201
2022-12-21,384.761566
2022-12-22,379.272491
2022-12-23,381.454193
2022-12-27,379.949921
2022-12-28,375.227936
2022-12-29,381.982178
2022-12-30,380.975983
2023-01-03,379.372131
2023-01-04,382.300964
2023-01-05,377.937592
2023-01-06,386.604492
2023-01-09,386.385345
2023-01-10,389.095001
2023-01-11,394.016235
2023-01-12,395.450745
2023-01-13,396.984894
2023-01-17,396.25766
2023-01-18,390.001556
2023-01-19,387.162415
2023-01-20,394.374878
2023-01-23,399.106812
2023-01-24,398.678436
2023-01-25,398.827881
2023-01-26,403.211151
2023-01-27,404.137604
2023-01-30,399.066956
2023-01-31,404.93457
2023-02-01,409.238129
2023-02-02,415.195404
2023-02-03,410.782257
2023-02-06,408.27182
2023-02-07,413.61145
2023-02-08,409.088715
2023-02-09,405.542236
2023-02-10,406.488647
2023-02-13,411.260406
2023-02-14,411.071167
2023-02-15,412.406067
2023-02-16,406.727722
2023-02-17,405.711609
2023-02-21,397.572662
2023-02-22,397.02475
2023-02-23,399.136688
2023-02-24,394.872955
2023-02-27,396.217834
2023-02-28,394.753418
2023-03-01,393.239197
2023-03-02,396.297516
2023-03-03,402.653259
2023-03-06,402.93222
2023-03-07,396.755768
2023-03-08,397.40332
2023-03-09,390.071289
2023-03-10,384.44278
2023-03-13,383.894836
2023-03-14,390.240662
2023-03-15,387.799957
2023-03-16,394.603973
2023-03-17,389.98999
